Workbook
Name decompositie: Algemeen!$L$18:$L$37
Name aantal_componenten: Algemeen!$M$16:$M$37
Name Aantal_fregatten: Algemeen!$O$3
Name Aantal_ini_wal: Algemeen!$BW$16:$BW$37
Name Aantal_install.: Algemeen!$O$4
Name Aantal_max_wal: Algemeen!$BX$16:$BX$37
Name Aantal_res_boord: Algemeen!$BV$16:$BV$37
Name Aantal_res_wal: Algemeen!$BY$16:$BY$37
Name bestel_interval: Algemeen!$CW$16:$CW$37
Name besteltijd: Algemeen!$BS$16:$BS$37
Name CO_rep: Algemeen!$Z$16:$Z$37
Name CO_rep_verv_tijd: Algemeen!$BP$16:$BP$37
Name CO_verv: Algemeen!$AA$16:$AA$37
Name CO_zoektijd: Algemeen!$BO$16:$BO$37
Name cumm_ONB_aanvang: Algemeen!$EG$16:$EG$37
Name cumm_ONB_missie: Algemeen!$DX$16:$DX$37
Name doorlooptijd_invlieg: Algemeen!$DF$16:$DF$37
Name doorlooptijd_missie: Algemeen!$DJ$16:$DJ$37
Name doorlooptijd_missie_i: Algemeen!$DI$16:$DI$37
Name doorlooptijd_missie_met: Algemeen!$DE$16:$DE$37
Name doorlooptijd_missie_rep: Algemeen!$DD$16:$DD$37
Name doorlooptijd_missie_verv: Algemeen!$DH$16:$DH$37
Name doorlooptijd_missie_zonder: Algemeen!$DG$16:$DG$37
Name Doorlooptijd_transport: Algemeen!$DN$16:$DN$37
Name doorlooptijd_van_wal: Algemeen!$DM$16:$DM$37
Name doorlooptijd_wal: Algemeen!$DR$16:$DR$37
Name doorlooptijd_wal_i: Algemeen!$DQ$16:$DQ$37
Name doorlooptijd_wal_rep: Algemeen!$DL$16:$DL$37
Name doorlooptijd_wal_verv: Algemeen!$DP$16:$DP$37
Name doorlooptijd_wal_zonder: Algemeen!$DO$16:$DO$37
Name efAantFunc1: Algemeen!$L$13
Name efAantFunc2: Algemeen!$EU$12
Name einde_regels: Algemeen!$A$37
Name f_vast: Algemeen!$AW$16:$AW$37
Name functie_1: Algemeen!$EU$16:$EU$37
Name functie_10: Algemeen!$FD$16:$FD$37
Name functie_2: Algemeen!$EV$16:$EV$37
Name functie_3: Algemeen!$EW$16:$EW$37
Name functie_4: Algemeen!$EX$16:$EX$37
Name functie_5: Algemeen!$EY$16:$EY$37
Name functie_6: Algemeen!$EZ$16:$EZ$37
Name functie_7: Algemeen!$FA$16:$FA$37
Name functie_8: Algemeen!$FB$16:$FB$37
Name functie_9: Algemeen!$FC$16:$FC$37
Name gevolg_kosten: Algemeen!$BK$16:$BK$37
Name Gevolg_kosten_tradeoff: Algemeen!$BI$16:$BI$37
Name Gevolgkosten: Algemeen!$BI$16:$BI$37
Name ini_periode: Algemeen!$CV$16:$CV$37
Name interval_groot_onderhoud: Algemeen!$R$10
Name Invoerrij: Algemeen!$A$16
Name kol_delta_kosten: Algemeen!$EN$11
Name kol_delta_ONB_aanvang: Algemeen!$EP$11
Name kol_delta_ONB_missie: Algemeen!$EO$11
Name kol_delta_stfrf: Algemeen!$EM$11
Name kol_OH_kosten: Algemeen!$AY$11
Name kol_ONB_aanvang: Algemeen!$EG$11
Name kol_ONB_missie: Algemeen!$DX$11
Name kol_opmerkingen: Algemeen!$EI$11
Name Kosten_res_jaar: Algemeen!$BC$16:$BC$37
Name Kosten_res_pk: Algemeen!$BA$16:$BA$37

Sheet Managementrapportage
B2: =CONCATENATE("Instandhoudingskosten & prestaties | ",Algemeen!R4)
B3: =CONCATENATE("Beheerder: ",Algemeen!R3," | ",Algemeen!O3," object(en) · ",Algemeen!O5," tochten per jaar van ",Algemeen!O6," dagen · looptijd ",Looptijd," jaar"," | bron: IHCKWANT-model")
B4: Rapportagedatum: | Q4: =TODAY()
B5: Onderhoudskosten | E5: Kosten looptijd | H5: Aandeel correctief | K5: Storingen | N5: Storingsvrije tocht | Q5: Niet-beschikbaar
B6: =tot_OH | E6: =(tot_OH+tot_resdel_kosten+tot_OH_gevolg)*Looptijd | H6: =IF(tot_OH=0,0,SAO!AP21/tot_OH) | K6: =tot_storingsfreq*8760 | N6: =EXP(-tot_storingsfrequentie_missie*Missieduur) | Q6: =tot_ONB_missie
B7: per jaar · PO + TAO + correctief | E7: =CONCATENATE("totaal over ",Looptijd," jaar") | H7: van de onderhoudskosten | K7: per jaar · alle componenten | N7: kans op een tocht zonder storing | Q7: aandeel van de tochttijd
B9: Waar gaat het geld naartoe?
B10: Onderhoudskosten per jaar, verdeeld naar onderhoudssoort en naar component.
B27: Kosten over de looptijd en betrouwbaarheid
B28: Cumulatieve kosten over de gehele looptijd en de storingsfrequentie per functie.
B47: Uitgangspunten en herkomst
B48: Alle cijfers komen rechtstreeks uit het rekenmodel; op dit tabblad wordt niets ingevoerd.
B49: Aantal objecten | F49: =Algemeen!O3 | I49: Controle werklijsten vs. Algemeen | M49: =Rapportdata!C68
B50: Tochten per jaar | F50: =Algemeen!O5 | I50: Kosten reservedelen per jaar | M50: =tot_resdel_kosten
B51: Dagen per tocht | F51: =Algemeen!O6 | I51: Gevolgkosten per jaar | M51: =tot_OH_gevolg
B52: Looptijd (jaar) | F52: =Looptijd | I52: Kans niet beschikbaar bij start tocht | M52: =tot_ONB_aanvang
B53: Interval groot onderhoud (jaar) | F53: =Algemeen!O10 | I53: Aantal functies in het model | M53: =COUNTIF(Rapportdata!$B$98:$B$107,"?*")
B54: Uurtarief verhuurder / huurder / monteur | F54: =CONCATENATE("€ ",TEXT(Algemeen!AP14,"0")," / € ",TEXT(Algemeen!AQ14,"0")," / € ",TEXT(Algemeen!AR14,"0")) | I54: Controle componenten vs. totaal | M54: =Rapportdata!C66
B56: PO = periodiek onderhoud · TAO = toestandsafhankelijk onderhoud · SAO = correctief onderhoud. Storingsvrije tocht is de kans dat een tocht zonder storing wordt afgerond; niet-beschikbaar is het aandeel van de tochttijd dat het object niet inzetbaar is. Onderliggende berekeningen staan op het tabblad Algemeen, de rekenbladen van de grafieken op het tabblad Rapportdata.

Sheet Invoer
B2: Invoerblad
B3: Alles wat je invult staat op dit blad. De tabbladen Algemeen, PO, TAO en SAO vullen zichzelf, en de Managementrapportage rekent direct mee. Wit omrande cellen zijn invoervelden.
B5: 1. Object en gebruik
B6: Naam beheerder | L6: Fietsverhuurder
B7: Naam object | L7: Fiets
B8: Aantal objecten | L8: 1
B9: Aantal per inzet | L9: 1
B10: Aantal inzetten per jaar | L10: 30
B11: Dagen per inzet | L11: 5
B12: Looptijd (jaar) | L12: 10
B13: Interval groot onderhoud (jaar) | L13: 3
B15: 2. Uurtarieven | J15: (euro per uur, per uitvoerende partij)
B16: Verhuurder | L16: 20
B17: Huurder | L17: 100
B18: Monteur | L18: 50
B19: Partij 4 | L19: 100
B20: Partij 5 | L20: 100
B21: Partij 6 | L21: 100
B23: 3. Functies | J23: (prestaties waarop je rapporteert; niet gebruikte functies leeg laten)
B24: Functie 1 | L24: Fietsen
B25: Functie 2 | L25: Fietsen met verlichting
B26: Functie 3
B27: Functie 4
B28: Functie 5
B29: Functie 6
B30: Functie 7
B31: Functie 8
B32: Functie 9
B33: Functie 10
B35: 4. Onderhoudsregels | J35: (één regel per onderhoudsactie op één component)
B36: Structuur | L36: Component | O36: Onderhoudsactie | S36: Frequentie en uitvoering | X36: Uren per keer | AD36: Kosten per keer | AG36: Storingsgegevens | AJ36: Tijden (uur) | AQ36: Voorraad | AS36: Functies | BC36: Mensen per keer | BE36: Overig
A37: Nr | B37: N1 | C37: N2 | D37: N3 | E37: N4 | F37: N5 | G37: N6 | H37: N7 | I37: N8 | J37: N9 | K37: N10 | L37: Component | M37: Aantal | N37: Redun-dantie | O37: Soort onderhoud | P37: Uitbe-steden | Q37: Omschrijving | R37: Taak-ID | S37: Frequentie | T37: Een-heid | U37: Voor inzet | V37: Tijdens inzet | W37: Alleen GO | X37: Verhuur-der | Y37: Huurder | Z37: Monteur | AA37: Partij 4 | AB37: Partij 5 | AC37: Partij 6 | AD37: Vaste kosten | AE37: Reserve-delen | AF37: Gevolg-kosten | AG37: Storings-frequentie | AH37: % gebruik inzet | AI37: % gebruik overig | AJ37: Doorloop PO | AK37: Tijd TAO | AL37: Zoektijd | AM37: Reparatie-tijd | AN37: Wacht tijdens inzet | AO37: Bestel-tijd | AP37: Wacht locatie | AQ37: Delen mee | AR37: Voorraad start | AS37: F1 | AT37: F2 | AU37: F3 | AV37: F4 | AW37: F5 | AX37: F6 | AY37: F7 | AZ37: F8 | BA37: F9 | BB37: F10 | BC37: Mensen eigen | BD37: Mensen bedrijf | BE37: Opmerking | BG37: hulpkolommen (niet invullen)
A38: 1 | B38: 1 | L38: Fiets | M38: 1 | O38: PO - Inspectie (visueel) | Q38: Algehele controle van de toestand | S38: 1 | T38: w | U38: j | X38: 0.1 | AS38: x | BC38: 1 | BG38: =IF(LEFT($O38,3)="PO ",COUNTIF($O$38:$O38,"PO *"),"") | BH38: =IF(LEFT($O38,4)="TAO ",COUNTIF($O$38:$O38,"TAO *"),"") | BI38: =IF(LEFT($O38,3)="CO ",COUNTIF($O$38:$O38,"CO *"),"") | BK38: =IF($O38="PO - Inspectie (visueel)","x","") | BL38: =IF($O38="PO - Inspectie (meten)","x","") | BM38: =IF($O38="PO - Preservering","x","") | BN38: =IF($O38="PO - Revisie","x","") | BO38: =IF($O38="PO - Vervanging","x","") | BP38: =IF($O38="PO - Testen","x","") | BQ38: =IF($O38="TAO - Revisie","x","") | BR38: =IF($O38="TAO - Vervanging","x","") | BS38: =IF($O38="CO - Reparatie","x","") | BT38: =IF($O38="CO - Vervanging","x","") | BV38: =IF(N($S38)=0,"",1/$S38)
A39: 2 | B39: 1 | L39: Fiets | M39: 1 | O39: TAO - Vervanging | Q39: Afgeschreven | S39: 0.1 | T39: j | W39: j | X39: 4 | AD39: 2000 | AS39: x | BG39: =IF(LEFT($O39,3)="PO ",COUNTIF($O$38:$O39,"PO *"),"") | BH39: =IF(LEFT($O39,4)="TAO ",COUNTIF($O$38:$O39,"TAO *"),"") | BI39: =IF(LEFT($O39,3)="CO ",COUNTIF($O$38:$O39,"CO *"),"") | BK39: =IF($O39="PO - Inspectie (visueel)","x","") | BL39: =IF($O39="PO - Inspectie (meten)","x","") | BM39: =IF($O39="PO - Preservering","x","") | BN39: =IF($O39="PO - Revisie","x","") | BO39: =IF($O39="PO - Vervanging","x","") | BP39: =IF($O39="PO - Testen","x","") | BQ39: =IF($O39="TAO - Revisie","x","") | BR39: =IF($O39="TAO - Vervanging","x","") | BS39: =IF($O39="CO - Reparatie","x","") | BT39: =IF($O39="CO - Vervanging","x","") | BV39: =IF(N($S39)=0,"",1/$S39)
A40: 3 | B40: 1 | L40: Fiets | M40: 1 | AS40: x | BG40: =IF(LEFT($O40,3)="PO ",COUNTIF($O$38:$O40,"PO *"),"") | BH40: =IF(LEFT($O40,4)="TAO ",COUNTIF($O$38:$O40,"TAO *"),"") | BI40: =IF(LEFT($O40,3)="CO ",COUNTIF($O$38:$O40,"CO *"),"") | BK40: =IF($O40="PO - Inspectie (visueel)","x","") | BL40: =IF($O40="PO - Inspectie (meten)","x","") | BM40: =IF($O40="PO - Preservering","x","") | BN40: =IF($O40="PO - Revisie","x","") | BO40: =IF($O40="PO - Vervanging","x","") | BP40: =IF($O40="PO - Testen","x","") | BQ40: =IF($O40="TAO - Revisie","x","") | BR40: =IF($O40="TAO - Vervanging","x","") | BS40: =IF($O40="CO - Reparatie","x","") | BT40: =IF($O40="CO - Vervanging","x","") | BV40: =IF(N($S40)=0,"",1/$S40)
A41: 4 | B41: 1 | C41: 1 | L41: Aandrijving | M41: 1 | AS41: x | BG41: =IF(LEFT($O41,3)="PO ",COUNTIF($O$38:$O41,"PO *"),"") | BH41: =IF(LEFT($O41,4)="TAO ",COUNTIF($O$38:$O41,"TAO *"),"") | BI41: =IF(LEFT($O41,3)="CO ",COUNTIF($O$38:$O41,"CO *"),"") | BK41: =IF($O41="PO - Inspectie (visueel)","x","") | BL41: =IF($O41="PO - Inspectie (meten)","x","") | BM41: =IF($O41="PO - Preservering","x","") | BN41: =IF($O41="PO - Revisie","x","") | BO41: =IF($O41="PO - Vervanging","x","") | BP41: =IF($O41="PO - Testen","x","") | BQ41: =IF($O41="TAO - Revisie","x","") | BR41: =IF($O41="TAO - Vervanging","x","") | BS41: =IF($O41="CO - Reparatie","x","") | BT41: =IF($O41="CO - Vervanging","x","") | BV41: =IF(N($S41)=0,"",1/$S41)
A42: 5 | B42: 1 | C42: 1 | L42: Aandrijving | M42: 1 | AS42: x | BG42: =IF(LEFT($O42,3)="PO ",COUNTIF($O$38:$O42,"PO *"),"") | BH42: =IF(LEFT($O42,4)="TAO ",COUNTIF($O$38:$O42,"TAO *"),"") | BI42: =IF(LEFT($O42,3)="CO ",COUNTIF($O$38:$O42,"CO *"),"") | BK42: =IF($O42="PO - Inspectie (visueel)","x","") | BL42: =IF($O42="PO - Inspectie (meten)","x","") | BM42: =IF($O42="PO - Preservering","x","") | BN42: =IF($O42="PO - Revisie","x","") | BO42: =IF($O42="PO - Vervanging","x","") | BP42: =IF($O42="PO - Testen","x","") | BQ42: =IF($O42="TAO - Revisie","x","") | BR42: =IF($O42="TAO - Vervanging","x","") | BS42: =IF($O42="CO - Reparatie","x","") | BT42: =IF($O42="CO - Vervanging","x","") | BV42: =IF(N($S42)=0,"",1/$S42)
A43: 6 | B43: 1 | C43: 1 | L43: Aandrijving | M43: 1 | AS43: x | BG43: =IF(LEFT($O43,3)="PO ",COUNTIF($O$38:$O43,"PO *"),"") | BH43: =IF(LEFT($O43,4)="TAO ",COUNTIF($O$38:$O43,"TAO *"),"") | BI43: =IF(LEFT($O43,3)="CO ",COUNTIF($O$38:$O43,"CO *"),"") | BK43: =IF($O43="PO - Inspectie (visueel)","x","") | BL43: =IF($O43="PO - Inspectie (meten)","x","") | BM43: =IF($O43="PO - Preservering","x","") | BN43: =IF($O43="PO - Revisie","x","") | BO43: =IF($O43="PO - Vervanging","x","") | BP43: =IF($O43="PO - Testen","x","") | BQ43: =IF($O43="TAO - Revisie","x","") | BR43: =IF($O43="TAO - Vervanging","x","") | BS43: =IF($O43="CO - Reparatie","x","") | BT43: =IF($O43="CO - Vervanging","x","") | BV43: =IF(N($S43)=0,"",1/$S43)
A44: 7 | B44: 1 | C44: 1 | D44: 1 | L44: Ketting | M44: 1 | O44: PO - Preservering | Q44: Smeren | S44: 0.16666667 | T44: m | W44: j | Z44: 1 | AD44: 10 | AS44: x | BC44: 1 | BG44: =IF(LEFT($O44,3)="PO ",COUNTIF($O$38:$O44,"PO *"),"") | BH44: =IF(LEFT($O44,4)="TAO ",COUNTIF($O$38:$O44,"TAO *"),"") | BI44: =IF(LEFT($O44,3)="CO ",COUNTIF($O$38:$O44,"CO *"),"") | BK44: =IF($O44="PO - Inspectie (visueel)","x","") | BL44: =IF($O44="PO - Inspectie (meten)","x","") | BM44: =IF($O44="PO - Preservering","x","") | BN44: =IF($O44="PO - Revisie","x","") | BO44: =IF($O44="PO - Vervanging","x","") | BP44: =IF($O44="PO - Testen","x","") | BQ44: =IF($O44="TAO - Revisie","x","") | BR44: =IF($O44="TAO - Vervanging","x","") | BS44: =IF($O44="CO - Reparatie","x","") | BT44: =IF($O44="CO - Vervanging","x","") | BV44: =IF(N($S44)=0,"",1/$S44)
A45: 8 | B45: 1 | C45: 1 | D45: 1 | L45: Ketting | M45: 1 | AS45: x | BG45: =IF(LEFT($O45,3)="PO ",COUNTIF($O$38:$O45,"PO *"),"") | BH45: =IF(LEFT($O45,4)="TAO ",COUNTIF($O$38:$O45,"TAO *"),"") | BI45: =IF(LEFT($O45,3)="CO ",COUNTIF($O$38:$O45,"CO *"),"") | BK45: =IF($O45="PO - Inspectie (visueel)","x","") | BL45: =IF($O45="PO - Inspectie (meten)","x","") | BM45: =IF($O45="PO - Preservering","x","") | BN45: =IF($O45="PO - Revisie","x","") | BO45: =IF($O45="PO - Vervanging","x","") | BP45: =IF($O45="PO - Testen","x","") | BQ45: =IF($O45="TAO - Revisie","x","") | BR45: =IF($O45="TAO - Vervanging","x","") | BS45: =IF($O45="CO - Reparatie","x","") | BT45: =IF($O45="CO - Vervanging","x","") | BV45: =IF(N($S45)=0,"",1/$S45)
A46: 9 | B46: 1 | C46: 1 | D46: 1 | L46: Ketting | M46: 1 | O46: CO - Vervanging | Q46: Ketting geknapt | S46: 0.5 | T46: j | U46: j | V46: j | Y46: 4 | Z46: 2 | AD46: 100 | AL46: 2 | AM46: 2 | AN46: 8 | AO46: 24 | AP46: 12 | AQ46: 0 | AR46: 0 | AS46: x | BC46: 1 | BG46: =IF(LEFT($O46,3)="PO ",COUNTIF($O$38:$O46,"PO *"),"") | BH46: =IF(LEFT($O46,4)="TAO ",COUNTIF($O$38:$O46,"TAO *"),"") | BI46: =IF(LEFT($O46,3)="CO ",COUNTIF($O$38:$O46,"CO *"),"") | BK46: =IF($O46="PO - Inspectie (visueel)","x","") | BL46: =IF($O46="PO - Inspectie (meten)","x","") | BM46: =IF($O46="PO - Preservering","x","") | BN46: =IF($O46="PO - Revisie","x","") | BO46: =IF($O46="PO - Vervanging","x","") | BP46: =IF($O46="PO - Testen","x","") | BQ46: =IF($O46="TAO - Revisie","x","") | BR46: =IF($O46="TAO - Vervanging","x","") | BS46: =IF($O46="CO - Reparatie","x","") | BT46: =IF($O46="CO - Vervanging","x","") | BV46: =IF(N($S46)=0,"",1/$S46)
A47: 10 | B47: 1 | C47: 2 | L47: Verlichting | M47: 1 | AT47: x | BG47: =IF(LEFT($O47,3)="PO ",COUNTIF($O$38:$O47,"PO *"),"") | BH47: =IF(LEFT($O47,4)="TAO ",COUNTIF($O$38:$O47,"TAO *"),"") | BI47: =IF(LEFT($O47,3)="CO ",COUNTIF($O$38:$O47,"CO *"),"") | BK47: =IF($O47="PO - Inspectie (visueel)","x","") | BL47: =IF($O47="PO - Inspectie (meten)","x","") | BM47: =IF($O47="PO - Preservering","x","") | BN47: =IF($O47="PO - Revisie","x","") | BO47: =IF($O47="PO - Vervanging","x","") | BP47: =IF($O47="PO - Testen","x","") | BQ47: =IF($O47="TAO - Revisie","x","") | BR47: =IF($O47="TAO - Vervanging","x","") | BS47: =IF($O47="CO - Reparatie","x","") | BT47: =IF($O47="CO - Vervanging","x","") | BV47: =IF(N($S47)=0,"",1/$S47)
A48: 11 | B48: 1 | C48: 2 | L48: Verlichting | M48: 1 | AT48: x | BG48: =IF(LEFT($O48,3)="PO ",COUNTIF($O$38:$O48,"PO *"),"") | BH48: =IF(LEFT($O48,4)="TAO ",COUNTIF($O$38:$O48,"TAO *"),"") | BI48: =IF(LEFT($O48,3)="CO ",COUNTIF($O$38:$O48,"CO *"),"") | BK48: =IF($O48="PO - Inspectie (visueel)","x","") | BL48: =IF($O48="PO - Inspectie (meten)","x","") | BM48: =IF($O48="PO - Preservering","x","") | BN48: =IF($O48="PO - Revisie","x","") | BO48: =IF($O48="PO - Vervanging","x","") | BP48: =IF($O48="PO - Testen","x","") | BQ48: =IF($O48="TAO - Revisie","x","") | BR48: =IF($O48="TAO - Vervanging","x","") | BS48: =IF($O48="CO - Reparatie","x","") | BT48: =IF($O48="CO - Vervanging","x","") | BV48: =IF(N($S48)=0,"",1/$S48)
A49: 12 | B49: 1 | C49: 2 | L49: Verlichting | M49: 1 | AT49: x | BG49: =IF(LEFT($O49,3)="PO ",COUNTIF($O$38:$O49,"PO *"),"") | BH49: =IF(LEFT($O49,4)="TAO ",COUNTIF($O$38:$O49,"TAO *"),"") | BI49: =IF(LEFT($O49,3)="CO ",COUNTIF($O$38:$O49,"CO *"),"") | BK49: =IF($O49="PO - Inspectie (visueel)","x","") | BL49: =IF($O49="PO - Inspectie (meten)","x","") | BM49: =IF($O49="PO - Preservering","x","") | BN49: =IF($O49="PO - Revisie","x","") | BO49: =IF($O49="PO - Vervanging","x","") | BP49: =IF($O49="PO - Testen","x","") | BQ49: =IF($O49="TAO - Revisie","x","") | BR49: =IF($O49="TAO - Vervanging","x","") | BS49: =IF($O49="CO - Reparatie","x","") | BT49: =IF($O49="CO - Vervanging","x","") | BV49: =IF(N($S49)=0,"",1/$S49)
A50: 13 | B50: 1 | C50: 2 | D50: 1 | L50: Dynamo | M50: 1 | O50: PO - Inspectie (meten) | Q50: Doormeten | S50: 0.5 | T50: j | W50: j | Z50: 1 | AT50: x | BC50: 1 | BG50: =IF(LEFT($O50,3)="PO ",COUNTIF($O$38:$O50,"PO *"),"") | BH50: =IF(LEFT($O50,4)="TAO ",COUNTIF($O$38:$O50,"TAO *"),"") | BI50: =IF(LEFT($O50,3)="CO ",COUNTIF($O$38:$O50,"CO *"),"") | BK50: =IF($O50="PO - Inspectie (visueel)","x","") | BL50: =IF($O50="PO - Inspectie (meten)","x","") | BM50: =IF($O50="PO - Preservering","x","") | BN50: =IF($O50="PO - Revisie","x","") | BO50: =IF($O50="PO - Vervanging","x","") | BP50: =IF($O50="PO - Testen","x","") | BQ50: =IF($O50="TAO - Revisie","x","") | BR50: =IF($O50="TAO - Vervanging","x","") | BS50: =IF($O50="CO - Reparatie","x","") | BT50: =IF($O50="CO - Vervanging","x","") | BV50: =IF(N($S50)=0,"",1/$S50)
A51: 14 | B51: 1 | C51: 2 | D51: 1 | L51: Dynamo | M51: 1 | O51: TAO - Vervanging | Q51: Vervangen | S51: 0.2 | T51: j | W51: j | Z51: 1 | AD51: 100 | AT51: x | BG51: =IF(LEFT($O51,3)="PO ",COUNTIF($O$38:$O51,"PO *"),"") | BH51: =IF(LEFT($O51,4)="TAO ",COUNTIF($O$38:$O51,"TAO *"),"") | BI51: =IF(LEFT($O51,3)="CO ",COUNTIF($O$38:$O51,"CO *"),"") | BK51: =IF($O51="PO - Inspectie (visueel)","x","") | BL51: =IF($O51="PO - Inspectie (meten)","x","") | BM51: =IF($O51="PO - Preservering","x","") | BN51: =IF($O51="PO - Revisie","x","") | BO51: =IF($O51="PO - Vervanging","x","") | BP51: =IF($O51="PO - Testen","x","") | BQ51: =IF($O51="TAO - Revisie","x","") | BR51: =IF($O51="TAO - Vervanging","x","") | BS51: =IF($O51="CO - Reparatie","x","") | BT51: =IF($O51="CO - Vervanging","x","") | BV51: =IF(N($S51)=0,"",1/$S51)
A52: 15 | B52: 1 | C52: 2 | D52: 1 | L52: Dynamo | M52: 1 | AT52: x | BG52: =IF(LEFT($O52,3)="PO ",COUNTIF($O$38:$O52,"PO *"),"") | BH52: =IF(LEFT($O52,4)="TAO ",COUNTIF($O$38:$O52,"TAO *"),"") | BI52: =IF(LEFT($O52,3)="CO ",COUNTIF($O$38:$O52,"CO *"),"") | BK52: =IF($O52="PO - Inspectie (visueel)","x","") | BL52: =IF($O52="PO - Inspectie (meten)","x","") | BM52: =IF($O52="PO - Preservering","x","") | BN52: =IF($O52="PO - Revisie","x","") | BO52: =IF($O52="PO - Vervanging","x","") | BP52: =IF($O52="PO - Testen","x","") | BQ52: =IF($O52="TAO - Revisie","x","") | BR52: =IF($O52="TAO - Vervanging","x","") | BS52: =IF($O52="CO - Reparatie","x","") | BT52: =IF($O52="CO - Vervanging","x","") | BV52: =IF(N($S52)=0,"",1/$S52)
A53: 16 | B53: 1 | C53: 2 | D53: 2 | L53: Lampje (voor en achter) | M53: 1 | AT53: x | BG53: =IF(LEFT($O53,3)="PO ",COUNTIF($O$38:$O53,"PO *"),"") | BH53: =IF(LEFT($O53,4)="TAO ",COUNTIF($O$38:$O53,"TAO *"),"") | BI53: =IF(LEFT($O53,3)="CO ",COUNTIF($O$38:$O53,"CO *"),"") | BK53: =IF($O53="PO - Inspectie (visueel)","x","") | BL53: =IF($O53="PO - Inspectie (meten)","x","") | BM53: =IF($O53="PO - Preservering","x","") | BN53: =IF($O53="PO - Revisie","x","") | BO53: =IF($O53="PO - Vervanging","x","") | BP53: =IF($O53="PO - Testen","x","") | BQ53: =IF($O53="TAO - Revisie","x","") | BR53: =IF($O53="TAO - Vervanging","x","") | BS53: =IF($O53="CO - Reparatie","x","") | BT53: =IF($O53="CO - Vervanging","x","") | BV53: =IF(N($S53)=0,"",1/$S53)
A54: 17 | B54: 1 | C54: 2 | D54: 2 | L54: Lampje (voor en achter) | M54: 1 | AT54: x | BG54: =IF(LEFT($O54,3)="PO ",COUNTIF($O$38:$O54,"PO *"),"") | BH54: =IF(LEFT($O54,4)="TAO ",COUNTIF($O$38:$O54,"TAO *"),"") | BI54: =IF(LEFT($O54,3)="CO ",COUNTIF($O$38:$O54,"CO *"),"") | BK54: =IF($O54="PO - Inspectie (visueel)","x","") | BL54: =IF($O54="PO - Inspectie (meten)","x","") | BM54: =IF($O54="PO - Preservering","x","") | BN54: =IF($O54="PO - Revisie","x","") | BO54: =IF($O54="PO - Vervanging","x","") | BP54: =IF($O54="PO - Testen","x","") | BQ54: =IF($O54="TAO - Revisie","x","") | BR54: =IF($O54="TAO - Vervanging","x","") | BS54: =IF($O54="CO - Reparatie","x","") | BT54: =IF($O54="CO - Vervanging","x","") | BV54: =IF(N($S54)=0,"",1/$S54)
A55: 18 | B55: 1 | C55: 2 | D55: 2 | L55: Lampje (voor en achter) | M55: 1 | O55: CO - Vervanging | Q55: Lampje vervangen | S55: 0.5 | T55: m | U55: j | V55: j | Y55: 2 | Z55: 0.5 | AD55: 5 | AL55: 1 | AM55: 1 | AN55: 8 | AO55: 24 | AP55: 12 | AQ55: 0 | AR55: 0 | AT55: x | BG55: =IF(LEFT($O55,3)="PO ",COUNTIF($O$38:$O55,"PO *"),"") | BH55: =IF(LEFT($O55,4)="TAO ",COUNTIF($O$38:$O55,"TAO *"),"") | BI55: =IF(LEFT($O55,3)="CO ",COUNTIF($O$38:$O55,"CO *"),"") | BK55: =IF($O55="PO - Inspectie (visueel)","x","") | BL55: =IF($O55="PO - Inspectie (meten)","x","") | BM55: =IF($O55="PO - Preservering","x","") | BN55: =IF($O55="PO - Revisie","x","") | BO55: =IF($O55="PO - Vervanging","x","") | BP55: =IF($O55="PO - Testen","x","") | BQ55: =IF($O55="TAO - Revisie","x","") | BR55: =IF($O55="TAO - Vervanging","x","") | BS55: =IF($O55="CO - Reparatie","x","") | BT55: =IF($O55="CO - Vervanging","x","") | BV55: =IF(N($S55)=0,"",1/$S55)
A56: 19 | BG56: =IF(LEFT($O56,3)="PO ",COUNTIF($O$38:$O56,"PO *"),"") | BH56: =IF(LEFT($O56,4)="TAO ",COUNTIF($O$38:$O56,"TAO *"),"") | BI56: =IF(LEFT($O56,3)="CO ",COUNTIF($O$38:$O56,"CO *"),"") | BK56: =IF($O56="PO - Inspectie (visueel)","x","") | BL56: =IF($O56="PO - Inspectie (meten)","x","") | BM56: =IF($O56="PO - Preservering","x","") | BN56: =IF($O56="PO - Revisie","x","") | BO56: =IF($O56="PO - Vervanging","x","") | BP56: =IF($O56="PO - Testen","x","") | BQ56: =IF($O56="TAO - Revisie","x","") | BR56: =IF($O56="TAO - Vervanging","x","") | BS56: =IF($O56="CO - Reparatie","x","") | BT56: =IF($O56="CO - Vervanging","x","") | BV56: =IF(N($S56)=0,"",1/$S56)
A57: 20 | BG57: =IF(LEFT($O57,3)="PO ",COUNTIF($O$38:$O57,"PO *"),"") | BH57: =IF(LEFT($O57,4)="TAO ",COUNTIF($O$38:$O57,"TAO *"),"") | BI57: =IF(LEFT($O57,3)="CO ",COUNTIF($O$38:$O57,"CO *"),"") | BK57: =IF($O57="PO - Inspectie (visueel)","x","") | BL57: =IF($O57="PO - Inspectie (meten)","x","") | BM57: =IF($O57="PO - Preservering","x","") | BN57: =IF($O57="PO - Revisie","x","") | BO57: =IF($O57="PO - Vervanging","x","") | BP57: =IF($O57="PO - Testen","x","") | BQ57: =IF($O57="TAO - Revisie","x","") | BR57: =IF($O57="TAO - Vervanging","x","") | BS57: =IF($O57="CO - Reparatie","x","") | BT57: =IF($O57="CO - Vervanging","x","") | BV57: =IF(N($S57)=0,"",1/$S57)
B59: 5. Controle
B60: Regels met een component | L60: =COUNTIF($L$38:$L$57,"?*") | O60: van 20 regels beschikbaar
B61: waarvan met een onderhoudsactie | L61: =COUNTIF($O$38:$O$57,"?*") | O61: van 20 regels beschikbaar
B62: waarvan periodiek onderhoud (PO) | L62: =COUNTIF($O$38:$O$57,"PO *") | O62: van 11 regels op tabblad PO
B63: waarvan toestandsafhankelijk (TAO) | L63: =COUNTIF($O$38:$O$57,"TAO *") | O63: van 9 regels op tabblad TAO
B64: waarvan correctief (SAO) | L64: =COUNTIF($O$38:$O$57,"CO *") | O64: van 13 regels op tabblad SAO
B66: Let op: staat een aantal hierboven rood, dan passen niet alle regels op het bijbehorende werkblad. Verdeel de regels anders of laat extra rijen toevoegen. Een regel zonder soort onderhoud telt alleen mee als onderdeel van de decompositie (bijvoorbeeld een samenstelling zonder eigen onderhoudsactie).

Sheet Handleiding
B2: IHCKWANT Fiets — één invoerblad
B3: Alle invoer staat op het tabblad Invoer. De rekenmodellen en formules van het model zijn niet gewijzigd.
B5: Zo is het bestand opgebouwd
B6: Invoer | C6: Het enige tabblad waarop je typt. Vijf blokken: 1 object en gebruik, 2 uurtarieven, 3 functies, 4 onderhoudsregels (20 regels), 5 controle.
B7: Managementrapportage | C7: Voorblad voor het management: zes kerncijfers en vier grafieken. Rekent direct mee met wat je op Invoer zet.
B8: PO / TAO / SAO | C8: De werklijsten. Ze vullen zichzelf: elke regel met "PO -", "TAO -" of "CO -" bij Soort onderhoud komt automatisch op het bijbehorende blad, in de volgorde van Invoer.
B9: Algemeen | C9: Het rekenblad van het model. De kopgegevens en de regels 18 t/m 37 worden gevuld vanuit Invoer; die cellen zijn beveiligd, zodat de koppeling niet per ongeluk wordt overschreven. De rekenkolommen erachter zijn onveranderd.
B10: Overzicht en Rapportdata | C10: Resultaten van het model en de rekenbladen achter de grafieken. Hier voer je niets in.
B11: Invullen in vijf stappen
B12: 1. Object en gebruik | C12: Naam van de beheerder en het object, aantal objecten, aantal per inzet, inzetten per jaar, dagen per inzet, looptijd in jaren en het interval voor groot onderhoud.
B13: 2. Uurtarieven | C13: De zes uurtarieven, in euro per uur. Ze gelden voor alle regels.
B14: 3. Functies | C14: De prestaties waarop je wilt rapporteren, bijvoorbeeld "Fietsen met verlichting". Functies die je niet gebruikt laat je leeg.
B15: 4. Onderhoudsregels | C15: Eén regel per onderhoudsactie op één component. Vul de decompositie (N1 t/m N10), de componentnaam, het aantal en de soort onderhoud uit de keuzelijst. Daarna frequentie en eenheid, uren per partij, kosten per keer, storingsgegevens, tijden, voorraad, het aantal mensen en de functies waaraan de regel bijdraagt (x).
B16: 5. Controle | C16: Hier zie je hoeveel regels je gebruikt en hoeveel er per werkblad beschikbaar zijn. Een rood getal betekent dat niet alle regels op dat werkblad passen.
B17: Goed om te weten
B18: Ruimte in het bestand | C18: 20 onderhoudsregels, waarvan maximaal 11 periodiek (PO), 9 toestandsafhankelijk (TAO) en 13 correctief (CO). Heb je meer regels nodig, dan breid ik het bestand uit; dat gaat niet met invoegen van rijen.
B19: Regel zonder onderhoudsactie | C19: Een regel met alleen een component telt mee in de decompositie en in de storingsberekening, maar komt niet op PO, TAO of SAO.
B20: Componentnaam | C20: Gebruik voor dezelfde component steeds dezelfde naam: de rapportage telt de kosten per naam bij elkaar op.
B21: Herberekenen | C21: Het bestand rekent automatisch door. Met F9 forceer je een herberekening.
B22: TTO en MJO op het blad PO | C22: De kolommen "In TTO1?", "In TTO2?" en "In MJO?" blijf je op het tabblad PO zelf zetten. Die formules kijken of de cel echt leeg is en werken daarom niet met een verwijzing naar Invoer.
B23: Bladbeveiliging | C23: De tabbladen zijn beveiligd zonder wachtwoord: formulecellen zijn beschermd, invoervelden niet. Via Controleren > Blad onbeveiligen haal je de beveiliging weg.
B24: Geen macro’s | C24: In dit bestand zit geen VBA. Alles werkt met formules, keuzelijsten en Excel zelf, dus het blijft werken als .xlsx.

Sheet PO
A1: 1 | C1: =Algemeen!R4 | T1: Periodieke onderhoudstaken | AV1: Periodieke onderhoudstaken
M3: Onderhoudsaktie | X3: Interv. | AA3: Uitvoering | AE3: tijd (uur)
A4: Deze lijst vult zichzelf vanuit het tabblad Invoer | K4: Fysieke decompositie | L4: Vermenigvuldigingsfactor onderhoudsactie | M4: Inspectie (visueel) | N4: Inspectie (Meten) | O4: Preservering | P4: Revisie | Q4: Vervanging | R4: Testen | T4: Omschrijving | V4: Taak-ID | X4: periodiciteit taak | Y4: d / w / m / j | AA4: Voor verhuur | AB4: Tijdens fietstocht | AC4: Alleen in groot onderhoud | AE4: Verhuurder | AF4: Huurder | AG4: Monteur | AH4: =Algemeen!AS13 | AI4: =Algemeen!AT13 | AJ4: =Algemeen!AU13 | AL4: # man | AN4: # man | AP4: Vaste kosten | AR4: OH-kosten per jaar | AT4: Doorlooptijd (uur) | AV4: Opmerkingen | AX4: In TTO1? (x) | AY4: OH-kosten TTO1 | AZ4: In TTO2? | BA4: OH-kosten TTO2 | BB4: In MJO? | BC4: OH-kosten MJO
AE5: =uurtarief_wd | AF5: 100 | AG5: 50 | AH5: 100 | AI5: 100 | AJ5: 100
A7: =IFERROR(N(INDEX(Invoer!$B$38:$B$57,MATCH(1,Invoer!$BG$38:$BG$57,0))),0) | B7: =IFERROR(N(INDEX(Invoer!$C$38:$C$57,MATCH(1,Invoer!$BG$38:$BG$57,0))),0) | C7: =IFERROR(N(INDEX(Invoer!$D$38:$D$57,MATCH(1,Invoer!$BG$38:$BG$57,0))),0) | D7: =IFERROR(N(INDEX(Invoer!$E$38:$E$57,MATCH(1,Invoer!$BG$38:$BG$57,0))),0) | E7: =IFERROR(N(INDEX(Invoer!$F$38:$F$57,MATCH(1,Invoer!$BG$38:$BG$57,0))),0) | F7: =IFERROR(N(INDEX(Invoer!$G$38:$G$57,MATCH(1,Invoer!$BG$38:$BG$57,0))),0) | G7: =IFERROR(N(INDEX(Invoer!$H$38:$H$57,MATCH(1,Invoer!$BG$38:$BG$57,0))),0) | H7: =IFERROR(N(INDEX(Invoer!$I$38:$I$57,MATCH(1,Invoer!$BG$38:$BG$57,0))),0) | I7: =IFERROR(N(INDEX(Invoer!$J$38:$J$57,MATCH(1,Invoer!$BG$38:$BG$57,0))),0) | J7: =IFERROR(N(INDEX(Invoer!$K$38:$K$57,MATCH(1,Invoer!$BG$38:$BG$57,0))),0) | K7: =IFERROR(IF(INDEX(Invoer!$L$38:$L$57,MATCH(1,Invoer!$BG$38:$BG$57,0))="","",INDEX(Invoer!$L$38:$L$57,MATCH(1,Invoer!$BG$38:$BG$57,0))),"") | L7: =IFERROR(N(INDEX(Invoer!$M$38:$M$57,MATCH(1,Invoer!$BG$38:$BG$57,0))),0) | M7: =IFERROR(IF(INDEX(Invoer!$BK$38:$BK$57,MATCH(1,Invoer!$BG$38:$BG$57,0))="","",INDEX(Invoer!$BK$38:$BK$57,MATCH(1,Invoer!$BG$38:$BG$57,0))),"") | N7: =IFERROR(IF(INDEX(Invoer!$BL$38:$BL$57,MATCH(1,Invoer!$BG$38:$BG$57,0))="","",INDEX(Invoer!$BL$38:$BL$57,MATCH(1,Invoer!$BG$38:$BG$57,0))),"") | O7: =IFERROR(IF(INDEX(Invoer!$BM$38:$BM$57,MATCH(1,Invoer!$BG$38:$BG$57,0))="","",INDEX(Invoer!$BM$38:$BM$57,MATCH(1,Invoer!$BG$38:$BG$57,0))),"") | P7: =IFERROR(IF(INDEX(Invoer!$BN$38:$BN$57,MATCH(1,Invoer!$BG$38:$BG$57,0))="","",INDEX(Invoer!$BN$38:$BN$57,MATCH(1,Invoer!$BG$38:$BG$57,0))),"") | Q7: =IFERROR(IF(INDEX(Invoer!$BO$38:$BO$57,MATCH(1,Invoer!$BG$38:$BG$57,0))="","",INDEX(Invoer!$BO$38:$BO$57,MATCH(1,Invoer!$BG$38:$BG$57,0))),"") | R7: =IFERROR(IF(INDEX(Invoer!$BP$38:$BP$57,MATCH(1,Invoer!$BG$38:$BG$57,0))="","",INDEX(Invoer!$BP$38:$BP$57,MATCH(1,Invoer!$BG$38:$BG$57,0))),"") | T7: =IFERROR(IF(INDEX(Invoer!$Q$38:$Q$57,MATCH(1,Invoer!$BG$38:$BG$57,0))="","",INDEX(Invoer!$Q$38:$Q$57,MATCH(1,Invoer!$BG$38:$BG$57,0))),"") | V7: =IFERROR(IF(INDEX(Invoer!$R$38:$R$57,MATCH(1,Invoer!$BG$38:$BG$57,0))="","",INDEX(Invoer!$R$38:$R$57,MATCH(1,Invoer!$BG$38:$BG$57,0))),"") | X7: =IFERROR(IF(N(INDEX(Invoer!$BV$38:$BV$57,MATCH(1,Invoer!$BG$38:$BG$57,0)))=0,"",INDEX(Invoer!$BV$38:$BV$57,MATCH(1,Invoer!$BG$38:$BG$57,0))),"") | Y7: =IFERROR(IF(INDEX(Invoer!$T$38:$T$57,MATCH(1,Invoer!$BG$38:$BG$57,0))="","",INDEX(Invoer!$T$38:$T$57,MATCH(1,Invoer!$BG$38:$BG$57,0))),"") | AA7: =IFERROR(IF(INDEX(Invoer!$U$38:$U$57,MATCH(1,Invoer!$BG$38:$BG$57,0))="","",INDEX(Invoer!$U$38:$U$57,MATCH(1,Invoer!$BG$38:$BG$57,0))),"") | AB7: =IFERROR(IF(INDEX(Invoer!$V$38:$V$57,MATCH(1,Invoer!$BG$38:$BG$57,0))="","",INDEX(Invoer!$V$38:$V$57,MATCH(1,Invoer!$BG$38:$BG$57,0))),"") | AC7: =IFERROR(IF(INDEX(Invoer!$W$38:$W$57,MATCH(1,Invoer!$BG$38:$BG$57,0))="","",INDEX(Invoer!$W$38:$W$57,MATCH(1,Invoer!$BG$38:$BG$57,0))),"") | AE7: =IFERROR(N(INDEX(Invoer!$X$38:$X$57,MATCH(1,Invoer!$BG$38:$BG$57,0))),0) | AF7: =IFERROR(N(INDEX(Invoer!$Y$38:$Y$57,MATCH(1,Invoer!$BG$38:$BG$57,0))),0) | AG7: =IFERROR(N(INDEX(Invoer!$Z$38:$Z$57,MATCH(1,Invoer!$BG$38:$BG$57,0))),0) | AH7: =IFERROR(N(INDEX(Invoer!$AA$38:$AA$57,MATCH(1,Invoer!$BG$38:$BG$57,0))),0) | AI7: =IFERROR(N(INDEX(Invoer!$AB$38:$AB$57,MATCH(1,Invoer!$BG$38:$BG$57,0))),0) | AJ7: =IFERROR(N(INDEX(Invoer!$AC$38:$AC$57,MATCH(1,Invoer!$BG$38:$BG$57,0))),0) | AL7: =IFERROR(N(INDEX(Invoer!$BC$38:$BC$57,MATCH(1,Invoer!$BG$38:$BG$57,0))),0) | AN7: =IFERROR(N(INDEX(Invoer!$BD$38:$BD$57,MATCH(1,Invoer!$BG$38:$BG$57,0))),0) | AP7: =IFERROR(N(INDEX(Invoer!$AD$38:$AD$57,MATCH(1,Invoer!$BG$38:$BG$57,0))),0) | AR7: =(IF(X7<>"",(utwd*(IF(ISNUMBER(AE7),AE7,0))+uttd*(IF(ISNUMBER(AF7),AF7,0))+utsb*(IF(ISNUMBER(AG7),AG7,0))+utrw*(IF(ISNUMBER(AH7),AH7,0))+utd*(IF(ISNUMBER(AI7),AI7,0))+_ut3*(IF(ISNUMBER(AJ7),AJ7,0)) +(IF(ISNUMBER(AP7),AP7,0)))*(IF(Y7="j",1,IF(Y7="m",12,IF(Y7="w",52,IF(Y7="d",365,0)))))/X7,0))*L7 | AT7: =IFERROR(N(INDEX(Invoer!$AJ$38:$AJ$57,MATCH(1,Invoer!$BG$38:$BG$57,0))),0) | AV7: =IFERROR(IF(INDEX(Invoer!$BE$38:$BE$57,MATCH(1,Invoer!$BG$38:$BG$57,0))="","",INDEX(Invoer!$BE$38:$BE$57,MATCH(1,Invoer!$BG$38:$BG$57,0))),"") | AY7: =IF(ISBLANK(AX7),0,(IF(X7<>"",(utwd*(IF(ISNUMBER(AE7),AE7,0))+uttd*(IF(ISNUMBER(AF7),AF7,0))+utsb*(IF(ISNUMBER(AG7),AG7,0))+utrw*(IF(ISNUMBER(AH7),AH7,0))+utd*(IF(ISNUMBER(AI7),AI7,0))+_ut3*(IF(ISNUMBER(AJ7),AJ7,0)) +(IF(ISNUMBER(AP7),AP7,0))),0))*L7) | BA7: =IF(ISBLANK(AZ7),0,(IF(X7<>"",(utwd*(IF(ISNUMBER(AE7),AE7,0))+uttd*(IF(ISNUMBER(AF7),AF7,0))+utsb*(IF(ISNUMBER(AG7),AG7,0))+utrw*(IF(ISNUMBER(AH7),AH7,0))+utd*(IF(ISNUMBER(AI7),AI7,0))+_ut3*(IF(ISNUMBER(AJ7),AJ7,0)) +(IF(ISNUMBER(AP7),AP7,0))),0))*L7) | BC7: =IF(ISBLANK(BB7),0,(IF(X7<>"",(utwd*(IF(ISNUMBER(AE7),AE7,0))+uttd*(IF(ISNUMBER(AF7),AF7,0))+utsb*(IF(ISNUMBER(AG7),AG7,0))+utrw*(IF(ISNUMBER(AH7),AH7,0))+utd*(IF(ISNUMBER(AI7),AI7,0))+_ut3*(IF(ISNUMBER(AJ7),AJ7,0)) +(IF(ISNUMBER(AP7),AP7,0))),0))*L7)
A8: =IFERROR(N(INDEX(Invoer!$B$38:$B$57,MATCH(2,Invoer!$BG$38:$BG$57,0))),0) | B8: =IFERROR(N(INDEX(Invoer!$C$38:$C$57,MATCH(2,Invoer!$BG$38:$BG$57,0))),0) | C8: =IFERROR(N(INDEX(Invoer!$D$38:$D$57,MATCH(2,Invoer!$BG$38:$BG$57,0))),0) | D8: =IFERROR(N(INDEX(Invoer!$E$38:$E$57,MATCH(2,Invoer!$BG$38:$BG$57,0))),0) | E8: =IFERROR(N(INDEX(Invoer!$F$38:$F$57,MATCH(2,Invoer!$BG$38:$BG$57,0))),0) | F8: =IFERROR(N(INDEX(Invoer!$G$38:$G$57,MATCH(2,Invoer!$BG$38:$BG$57,0))),0) | G8: =IFERROR(N(INDEX(Invoer!$H$38:$H$57,MATCH(2,Invoer!$BG$38:$BG$57,0))),0) | H8: =IFERROR(N(INDEX(Invoer!$I$38:$I$57,MATCH(2,Invoer!$BG$38:$BG$57,0))),0) | I8: =IFERROR(N(INDEX(Invoer!$J$38:$J$57,MATCH(2,Invoer!$BG$38:$BG$57,0))),0) | J8: =IFERROR(N(INDEX(Invoer!$K$38:$K$57,MATCH(2,Invoer!$BG$38:$BG$57,0))),0) | K8: =IFERROR(IF(INDEX(Invoer!$L$38:$L$57,MATCH(2,Invoer!$BG$38:$BG$57,0))="","",INDEX(Invoer!$L$38:$L$57,MATCH(2,Invoer!$BG$38:$BG$57,0))),"") | L8: =IFERROR(N(INDEX(Invoer!$M$38:$M$57,MATCH(2,Invoer!$BG$38:$BG$57,0))),0) | M8: =IFERROR(IF(INDEX(Invoer!$BK$38:$BK$57,MATCH(2,Invoer!$BG$38:$BG$57,0))="","",INDEX(Invoer!$BK$38:$BK$57,MATCH(2,Invoer!$BG$38:$BG$57,0))),"") | N8: =IFERROR(IF(INDEX(Invoer!$BL$38:$BL$57,MATCH(2,Invoer!$BG$38:$BG$57,0))="","",INDEX(Invoer!$BL$38:$BL$57,MATCH(2,Invoer!$BG$38:$BG$57,0))),"") | O8: =IFERROR(IF(INDEX(Invoer!$BM$38:$BM$57,MATCH(2,Invoer!$BG$38:$BG$57,0))="","",INDEX(Invoer!$BM$38:$BM$57,MATCH(2,Invoer!$BG$38:$BG$57,0))),"") | P8: =IFERROR(IF(INDEX(Invoer!$BN$38:$BN$57,MATCH(2,Invoer!$BG$38:$BG$57,0))="","",INDEX(Invoer!$BN$38:$BN$57,MATCH(2,Invoer!$BG$38:$BG$57,0))),"") | Q8: =IFERROR(IF(INDEX(Invoer!$BO$38:$BO$57,MATCH(2,Invoer!$BG$38:$BG$57,0))="","",INDEX(Invoer!$BO$38:$BO$57,MATCH(2,Invoer!$BG$38:$BG$57,0))),"") | R8: =IFERROR(IF(INDEX(Invoer!$BP$38:$BP$57,MATCH(2,Invoer!$BG$38:$BG$57,0))="","",INDEX(Invoer!$BP$38:$BP$57,MATCH(2,Invoer!$BG$38:$BG$57,0))),"") | T8: =IFERROR(IF(INDEX(Invoer!$Q$38:$Q$57,MATCH(2,Invoer!$BG$38:$BG$57,0))="","",INDEX(Invoer!$Q$38:$Q$57,MATCH(2,Invoer!$BG$38:$BG$57,0))),"") | V8: =IFERROR(IF(INDEX(Invoer!$R$38:$R$57,MATCH(2,Invoer!$BG$38:$BG$57,0))="","",INDEX(Invoer!$R$38:$R$57,MATCH(2,Invoer!$BG$38:$BG$57,0))),"") | X8: =IFERROR(IF(N(INDEX(Invoer!$BV$38:$BV$57,MATCH(2,Invoer!$BG$38:$BG$57,0)))=0,"",INDEX(Invoer!$BV$38:$BV$57,MATCH(2,Invoer!$BG$38:$BG$57,0))),"") | Y8: =IFERROR(IF(INDEX(Invoer!$T$38:$T$57,MATCH(2,Invoer!$BG$38:$BG$57,0))="","",INDEX(Invoer!$T$38:$T$57,MATCH(2,Invoer!$BG$38:$BG$57,0))),"") | AA8: =IFERROR(IF(INDEX(Invoer!$U$38:$U$57,MATCH(2,Invoer!$BG$38:$BG$57,0))="","",INDEX(Invoer!$U$38:$U$57,MATCH(2,Invoer!$BG$38:$BG$57,0))),"") | AB8: =IFERROR(IF(INDEX(Invoer!$V$38:$V$57,MATCH(2,Invoer!$BG$38:$BG$57,0))="","",INDEX(Invoer!$V$38:$V$57,MATCH(2,Invoer!$BG$38:$BG$57,0))),"") | AC8: =IFERROR(IF(INDEX(Invoer!$W$38:$W$57,MATCH(2,Invoer!$BG$38:$BG$57,0))="","",INDEX(Invoer!$W$38:$W$57,MATCH(2,Invoer!$BG$38:$BG$57,0))),"") | AE8: =IFERROR(N(INDEX(Invoer!$X$38:$X$57,MATCH(2,Invoer!$BG$38:$BG$57,0))),0) | AF8: =IFERROR(N(INDEX(Invoer!$Y$38:$Y$57,MATCH(2,Invoer!$BG$38:$BG$57,0))),0) | AG8: =IFERROR(N(INDEX(Invoer!$Z$38:$Z$57,MATCH(2,Invoer!$BG$38:$BG$57,0))),0) | AH8: =IFERROR(N(INDEX(Invoer!$AA$38:$AA$57,MATCH(2,Invoer!$BG$38:$BG$57,0))),0) | AI8: =IFERROR(N(INDEX(Invoer!$AB$38:$AB$57,MATCH(2,Invoer!$BG$38:$BG$57,0))),0) | AJ8: =IFERROR(N(INDEX(Invoer!$AC$38:$AC$57,MATCH(2,Invoer!$BG$38:$BG$57,0))),0) | AL8: =IFERROR(N(INDEX(Invoer!$BC$38:$BC$57,MATCH(2,Invoer!$BG$38:$BG$57,0))),0) | AN8: =IFERROR(N(INDEX(Invoer!$BD$38:$BD$57,MATCH(2,Invoer!$BG$38:$BG$57,0))),0) | AP8: =IFERROR(N(INDEX(Invoer!$AD$38:$AD$57,MATCH(2,Invoer!$BG$38:$BG$57,0))),0) | AR8: =(IF(X8<>"",(utwd*(IF(ISNUMBER(AE8),AE8,0))+uttd*(IF(ISNUMBER(AF8),AF8,0))+utsb*(IF(ISNUMBER(AG8),AG8,0))+utrw*(IF(ISNUMBER(AH8),AH8,0))+utd*(IF(ISNUMBER(AI8),AI8,0))+_ut3*(IF(ISNUMBER(AJ8),AJ8,0)) +(IF(ISNUMBER(AP8),AP8,0)))*(IF(Y8="j",1,IF(Y8="m",12,IF(Y8="w",52,IF(Y8="d",365,0)))))/X8,0))*L8 | AT8: =IFERROR(N(INDEX(Invoer!$AJ$38:$AJ$57,MATCH(2,Invoer!$BG$38:$BG$57,0))),0) | AV8: =IFERROR(IF(INDEX(Invoer!$BE$38:$BE$57,MATCH(2,Invoer!$BG$38:$BG$57,0))="","",INDEX(Invoer!$BE$38:$BE$57,MATCH(2,Invoer!$BG$38:$BG$57,0))),"") | AY8: =IF(ISBLANK(AX8),0,(IF(X8<>"",(utwd*(IF(ISNUMBER(AE8),AE8,0))+uttd*(IF(ISNUMBER(AF8),AF8,0))+utsb*(IF(ISNUMBER(AG8),AG8,0))+utrw*(IF(ISNUMBER(AH8),AH8,0))+utd*(IF(ISNUMBER(AI8),AI8,0))+_ut3*(IF(ISNUMBER(AJ8),AJ8,0)) +(IF(ISNUMBER(AP8),AP8,0))),0))*L8) | BA8: =IF(ISBLANK(AZ8),0,(IF(X8<>"",(utwd*(IF(ISNUMBER(AE8),AE8,0))+uttd*(IF(ISNUMBER(AF8),AF8,0))+utsb*(IF(ISNUMBER(AG8),AG8,0))+utrw*(IF(ISNUMBER(AH8),AH8,0))+utd*(IF(ISNUMBER(AI8),AI8,0))+_ut3*(IF(ISNUMBER(AJ8),AJ8,0)) +(IF(ISNUMBER(AP8),AP8,0))),0))*L8) | BC8: =IF(ISBLANK(BB8),0,(IF(X8<>"",(utwd*(IF(ISNUMBER(AE8),AE8,0))+uttd*(IF(ISNUMBER(AF8),AF8,0))+utsb*(IF(ISNUMBER(AG8),AG8,0))+utrw*(IF(ISNUMBER(AH8),AH8,0))+utd*(IF(ISNUMBER(AI8),AI8,0))+_ut3*(IF(ISNUMBER(AJ8),AJ8,0)) +(IF(ISNUMBER(AP8),AP8,0))),0))*L8)
A9: =IFERROR(N(INDEX(Invoer!$B$38:$B$57,MATCH(3,Invoer!$BG$38:$BG$57,0))),0) | B9: =IFERROR(N(INDEX(Invoer!$C$38:$C$57,MATCH(3,Invoer!$BG$38:$BG$57,0))),0) | C9: =IFERROR(N(INDEX(Invoer!$D$38:$D$57,MATCH(3,Invoer!$BG$38:$BG$57,0))),0) | D9: =IFERROR(N(INDEX(Invoer!$E$38:$E$57,MATCH(3,Invoer!$BG$38:$BG$57,0))),0) | E9: =IFERROR(N(INDEX(Invoer!$F$38:$F$57,MATCH(3,Invoer!$BG$38:$BG$57,0))),0) | F9: =IFERROR(N(INDEX(Invoer!$G$38:$G$57,MATCH(3,Invoer!$BG$38:$BG$57,0))),0) | G9: =IFERROR(N(INDEX(Invoer!$H$38:$H$57,MATCH(3,Invoer!$BG$38:$BG$57,0))),0) | H9: =IFERROR(N(INDEX(Invoer!$I$38:$I$57,MATCH(3,Invoer!$BG$38:$BG$57,0))),0) | I9: =IFERROR(N(INDEX(Invoer!$J$38:$J$57,MATCH(3,Invoer!$BG$38:$BG$57,0))),0) | J9: =IFERROR(N(INDEX(Invoer!$K$38:$K$57,MATCH(3,Invoer!$BG$38:$BG$57,0))),0) | K9: =IFERROR(IF(INDEX(Invoer!$L$38:$L$57,MATCH(3,Invoer!$BG$38:$BG$57,0))="","",INDEX(Invoer!$L$38:$L$57,MATCH(3,Invoer!$BG$38:$BG$57,0))),"") | L9: =IFERROR(N(INDEX(Invoer!$M$38:$M$57,MATCH(3,Invoer!$BG$38:$BG$57,0))),0) | M9: =IFERROR(IF(INDEX(Invoer!$BK$38:$BK$57,MATCH(3,Invoer!$BG$38:$BG$57,0))="","",INDEX(Invoer!$BK$38:$BK$57,MATCH(3,Invoer!$BG$38:$BG$57,0))),"") | N9: =IFERROR(IF(INDEX(Invoer!$BL$38:$BL$57,MATCH(3,Invoer!$BG$38:$BG$57,0))="","",INDEX(Invoer!$BL$38:$BL$57,MATCH(3,Invoer!$BG$38:$BG$57,0))),"") | O9: =IFERROR(IF(INDEX(Invoer!$BM$38:$BM$57,MATCH(3,Invoer!$BG$38:$BG$57,0))="","",INDEX(Invoer!$BM$38:$BM$57,MATCH(3,Invoer!$BG$38:$BG$57,0))),"") | P9: =IFERROR(IF(INDEX(Invoer!$BN$38:$BN$57,MATCH(3,Invoer!$BG$38:$BG$57,0))="","",INDEX(Invoer!$BN$38:$BN$57,MATCH(3,Invoer!$BG$38:$BG$57,0))),"") | Q9: =IFERROR(IF(INDEX(Invoer!$BO$38:$BO$57,MATCH(3,Invoer!$BG$38:$BG$57,0))="","",INDEX(Invoer!$BO$38:$BO$57,MATCH(3,Invoer!$BG$38:$BG$57,0))),"") | R9: =IFERROR(IF(INDEX(Invoer!$BP$38:$BP$57,MATCH(3,Invoer!$BG$38:$BG$57,0))="","",INDEX(Invoer!$BP$38:$BP$57,MATCH(3,Invoer!$BG$38:$BG$57,0))),"") | T9: =IFERROR(IF(INDEX(Invoer!$Q$38:$Q$57,MATCH(3,Invoer!$BG$38:$BG$57,0))="","",INDEX(Invoer!$Q$38:$Q$57,MATCH(3,Invoer!$BG$38:$BG$57,0))),"") | V9: =IFERROR(IF(INDEX(Invoer!$R$38:$R$57,MATCH(3,Invoer!$BG$38:$BG$57,0))="","",INDEX(Invoer!$R$38:$R$57,MATCH(3,Invoer!$BG$38:$BG$57,0))),"") | X9: =IFERROR(IF(N(INDEX(Invoer!$BV$38:$BV$57,MATCH(3,Invoer!$BG$38:$BG$57,0)))=0,"",INDEX(Invoer!$BV$38:$BV$57,MATCH(3,Invoer!$BG$38:$BG$57,0))),"") | Y9: =IFERROR(IF(INDEX(Invoer!$T$38:$T$57,MATCH(3,Invoer!$BG$38:$BG$57,0))="","",INDEX(Invoer!$T$38:$T$57,MATCH(3,Invoer!$BG$38:$BG$57,0))),"") | AA9: =IFERROR(IF(INDEX(Invoer!$U$38:$U$57,MATCH(3,Invoer!$BG$38:$BG$57,0))="","",INDEX(Invoer!$U$38:$U$57,MATCH(3,Invoer!$BG$38:$BG$57,0))),"") | AB9: =IFERROR(IF(INDEX(Invoer!$V$38:$V$57,MATCH(3,Invoer!$BG$38:$BG$57,0))="","",INDEX(Invoer!$V$38:$V$57,MATCH(3,Invoer!$BG$38:$BG$57,0))),"") | AC9: =IFERROR(IF(INDEX(Invoer!$W$38:$W$57,MATCH(3,Invoer!$BG$38:$BG$57,0))="","",INDEX(Invoer!$W$38:$W$57,MATCH(3,Invoer!$BG$38:$BG$57,0))),"") | AE9: =IFERROR(N(INDEX(Invoer!$X$38:$X$57,MATCH(3,Invoer!$BG$38:$BG$57,0))),0) | AF9: =IFERROR(N(INDEX(Invoer!$Y$38:$Y$57,MATCH(3,Invoer!$BG$38:$BG$57,0))),0) | AG9: =IFERROR(N(INDEX(Invoer!$Z$38:$Z$57,MATCH(3,Invoer!$BG$38:$BG$57,0))),0) | AH9: =IFERROR(N(INDEX(Invoer!$AA$38:$AA$57,MATCH(3,Invoer!$BG$38:$BG$57,0))),0) | AI9: =IFERROR(N(INDEX(Invoer!$AB$38:$AB$57,MATCH(3,Invoer!$BG$38:$BG$57,0))),0) | AJ9: =IFERROR(N(INDEX(Invoer!$AC$38:$AC$57,MATCH(3,Invoer!$BG$38:$BG$57,0))),0) | AL9: =IFERROR(N(INDEX(Invoer!$BC$38:$BC$57,MATCH(3,Invoer!$BG$38:$BG$57,0))),0) | AN9: =IFERROR(N(INDEX(Invoer!$BD$38:$BD$57,MATCH(3,Invoer!$BG$38:$BG$57,0))),0) | AP9: =IFERROR(N(INDEX(Invoer!$AD$38:$AD$57,MATCH(3,Invoer!$BG$38:$BG$57,0))),0) | AR9: =(IF(X9<>"",(utwd*(IF(ISNUMBER(AE9),AE9,0))+uttd*(IF(ISNUMBER(AF9),AF9,0))+utsb*(IF(ISNUMBER(AG9),AG9,0))+utrw*(IF(ISNUMBER(AH9),AH9,0))+utd*(IF(ISNUMBER(AI9),AI9,0))+_ut3*(IF(ISNUMBER(AJ9),AJ9,0)) +(IF(ISNUMBER(AP9),AP9,0)))*(IF(Y9="j",1,IF(Y9="m",12,IF(Y9="w",52,IF(Y9="d",365,0)))))/X9,0))*L9 | AT9: =IFERROR(N(INDEX(Invoer!$AJ$38:$AJ$57,MATCH(3,Invoer!$BG$38:$BG$57,0))),0) | AV9: =IFERROR(IF(INDEX(Invoer!$BE$38:$BE$57,MATCH(3,Invoer!$BG$38:$BG$57,0))="","",INDEX(Invoer!$BE$38:$BE$57,MATCH(3,Invoer!$BG$38:$BG$57,0))),"") | AY9: =IF(ISBLANK(AX9),0,(IF(X9<>"",(utwd*(IF(ISNUMBER(AE9),AE9,0))+uttd*(IF(ISNUMBER(AF9),AF9,0))+utsb*(IF(ISNUMBER(AG9),AG9,0))+utrw*(IF(ISNUMBER(AH9),AH9,0))+utd*(IF(ISNUMBER(AI9),AI9,0))+_ut3*(IF(ISNUMBER(AJ9),AJ9,0)) +(IF(ISNUMBER(AP9),AP9,0))),0))*L9) | BA9: =IF(ISBLANK(AZ9),0,(IF(X9<>"",(utwd*(IF(ISNUMBER(AE9),AE9,0))+uttd*(IF(ISNUMBER(AF9),AF9,0))+utsb*(IF(ISNUMBER(AG9),AG9,0))+utrw*(IF(ISNUMBER(AH9),AH9,0))+utd*(IF(ISNUMBER(AI9),AI9,0))+_ut3*(IF(ISNUMBER(AJ9),AJ9,0)) +(IF(ISNUMBER(AP9),AP9,0))),0))*L9) | BC9: =IF(ISBLANK(BB9),0,(IF(X9<>"",(utwd*(IF(ISNUMBER(AE9),AE9,0))+uttd*(IF(ISNUMBER(AF9),AF9,0))+utsb*(IF(ISNUMBER(AG9),AG9,0))+utrw*(IF(ISNUMBER(AH9),AH9,0))+utd*(IF(ISNUMBER(AI9),AI9,0))+_ut3*(IF(ISNUMBER(AJ9),AJ9,0)) +(IF(ISNUMBER(AP9),AP9,0))),0))*L9)
A10: =IFERROR(N(INDEX(Invoer!$B$38:$B$57,MATCH(4,Invoer!$BG$38:$BG$57,0))),0) | B10: =IFERROR(N(INDEX(Invoer!$C$38:$C$57,MATCH(4,Invoer!$BG$38:$BG$57,0))),0) | C10: =IFERROR(N(INDEX(Invoer!$D$38:$D$57,MATCH(4,Invoer!$BG$38:$BG$57,0))),0) | D10: =IFERROR(N(INDEX(Invoer!$E$38:$E$57,MATCH(4,Invoer!$BG$38:$BG$57,0))),0) | E10: =IFERROR(N(INDEX(Invoer!$F$38:$F$57,MATCH(4,Invoer!$BG$38:$BG$57,0))),0) | F10: =IFERROR(N(INDEX(Invoer!$G$38:$G$57,MATCH(4,Invoer!$BG$38:$BG$57,0))),0) | G10: =IFERROR(N(INDEX(Invoer!$H$38:$H$57,MATCH(4,Invoer!$BG$38:$BG$57,0))),0) | H10: =IFERROR(N(INDEX(Invoer!$I$38:$I$57,MATCH(4,Invoer!$BG$38:$BG$57,0))),0) | I10: =IFERROR(N(INDEX(Invoer!$J$38:$J$57,MATCH(4,Invoer!$BG$38:$BG$57,0))),0) | J10: =IFERROR(N(INDEX(Invoer!$K$38:$K$57,MATCH(4,Invoer!$BG$38:$BG$57,0))),0) | K10: =IFERROR(IF(INDEX(Invoer!$L$38:$L$57,MATCH(4,Invoer!$BG$38:$BG$57,0))="","",INDEX(Invoer!$L$38:$L$57,MATCH(4,Invoer!$BG$38:$BG$57,0))),"") | L10: =IFERROR(N(INDEX(Invoer!$M$38:$M$57,MATCH(4,Invoer!$BG$38:$BG$57,0))),0) | M10: =IFERROR(IF(INDEX(Invoer!$BK$38:$BK$57,MATCH(4,Invoer!$BG$38:$BG$57,0))="","",INDEX(Invoer!$BK$38:$BK$57,MATCH(4,Invoer!$BG$38:$BG$57,0))),"") | N10: =IFERROR(IF(INDEX(Invoer!$BL$38:$BL$57,MATCH(4,Invoer!$BG$38:$BG$57,0))="","",INDEX(Invoer!$BL$38:$BL$57,MATCH(4,Invoer!$BG$38:$BG$57,0))),"") | O10: =IFERROR(IF(INDEX(Invoer!$BM$38:$BM$57,MATCH(4,Invoer!$BG$38:$BG$57,0))="","",INDEX(Invoer!$BM$38:$BM$57,MATCH(4,Invoer!$BG$38:$BG$57,0))),"") | P10: =IFERROR(IF(INDEX(Invoer!$BN$38:$BN$57,MATCH(4,Invoer!$BG$38:$BG$57,0))="","",INDEX(Invoer!$BN$38:$BN$57,MATCH(4,Invoer!$BG$38:$BG$57,0))),"") | Q10: =IFERROR(IF(INDEX(Invoer!$BO$38:$BO$57,MATCH(4,Invoer!$BG$38:$BG$57,0))="","",INDEX(Invoer!$BO$38:$BO$57,MATCH(4,Invoer!$BG$38:$BG$57,0))),"") | R10: =IFERROR(IF(INDEX(Invoer!$BP$38:$BP$57,MATCH(4,Invoer!$BG$38:$BG$57,0))="","",INDEX(Invoer!$BP$38:$BP$57,MATCH(4,Invoer!$BG$38:$BG$57,0))),"") | T10: =IFERROR(IF(INDEX(Invoer!$Q$38:$Q$57,MATCH(4,Invoer!$BG$38:$BG$57,0))="","",INDEX(Invoer!$Q$38:$Q$57,MATCH(4,Invoer!$BG$38:$BG$57,0))),"") | V10: =IFERROR(IF(INDEX(Invoer!$R$38:$R$57,MATCH(4,Invoer!$BG$38:$BG$57,0))="","",INDEX(Invoer!$R$38:$R$57,MATCH(4,Invoer!$BG$38:$BG$57,0))),"") | X10: =IFERROR(IF(N(INDEX(Invoer!$BV$38:$BV$57,MATCH(4,Invoer!$BG$38:$BG$57,0)))=0,"",INDEX(Invoer!$BV$38:$BV$57,MATCH(4,Invoer!$BG$38:$BG$57,0))),"") | Y10: =IFERROR(IF(INDEX(Invoer!$T$38:$T$57,MATCH(4,Invoer!$BG$38:$BG$57,0))="","",INDEX(Invoer!$T$38:$T$57,MATCH(4,Invoer!$BG$38:$BG$57,0))),"") | AA10: =IFERROR(IF(INDEX(Invoer!$U$38:$U$57,MATCH(4,Invoer!$BG$38:$BG$57,0))="","",INDEX(Invoer!$U$38:$U$57,MATCH(4,Invoer!$BG$38:$BG$57,0))),"") | AB10: =IFERROR(IF(INDEX(Invoer!$V$38:$V$57,MATCH(4,Invoer!$BG$38:$BG$57,0))="","",INDEX(Invoer!$V$38:$V$57,MATCH(4,Invoer!$BG$38:$BG$57,0))),"") | AC10: =IFERROR(IF(INDEX(Invoer!$W$38:$W$57,MATCH(4,Invoer!$BG$38:$BG$57,0))="","",INDEX(Invoer!$W$38:$W$57,MATCH(4,Invoer!$BG$38:$BG$57,0))),"") | AE10: =IFERROR(N(INDEX(Invoer!$X$38:$X$57,MATCH(4,Invoer!$BG$38:$BG$57,0))),0) | AF10: =IFERROR(N(INDEX(Invoer!$Y$38:$Y$57,MATCH(4,Invoer!$BG$38:$BG$57,0))),0) | AG10: =IFERROR(N(INDEX(Invoer!$Z$38:$Z$57,MATCH(4,Invoer!$BG$38:$BG$57,0))),0) | AH10: =IFERROR(N(INDEX(Invoer!$AA$38:$AA$57,MATCH(4,Invoer!$BG$38:$BG$57,0))),0) | AI10: =IFERROR(N(INDEX(Invoer!$AB$38:$AB$57,MATCH(4,Invoer!$BG$38:$BG$57,0))),0) | AJ10: =IFERROR(N(INDEX(Invoer!$AC$38:$AC$57,MATCH(4,Invoer!$BG$38:$BG$57,0))),0) | AL10: =IFERROR(N(INDEX(Invoer!$BC$38:$BC$57,MATCH(4,Invoer!$BG$38:$BG$57,0))),0) | AN10: =IFERROR(N(INDEX(Invoer!$BD$38:$BD$57,MATCH(4,Invoer!$BG$38:$BG$57,0))),0) | AP10: =IFERROR(N(INDEX(Invoer!$AD$38:$AD$57,MATCH(4,Invoer!$BG$38:$BG$57,0))),0) | AR10: =(IF(X10<>"",(utwd*(IF(ISNUMBER(AE10),AE10,0))+uttd*(IF(ISNUMBER(AF10),AF10,0))+utsb*(IF(ISNUMBER(AG10),AG10,0))+utrw*(IF(ISNUMBER(AH10),AH10,0))+utd*(IF(ISNUMBER(AI10),AI10,0))+_ut3*(IF(ISNUMBER(AJ10),AJ10,0)) +(IF(ISNUMBER(AP10),AP10,0)))*(IF(Y10="j",1,IF(Y10="m",12,IF(Y10="w",52,IF(Y10="d",365,0)))))/X10,0))*L10 | AT10: =IFERROR(N(INDEX(Invoer!$AJ$38:$AJ$57,MATCH(4,Invoer!$BG$38:$BG$57,0))),0) | AV10: =IFERROR(IF(INDEX(Invoer!$BE$38:$BE$57,MATCH(4,Invoer!$BG$38:$BG$57,0))="","",INDEX(Invoer!$BE$38:$BE$57,MATCH(4,Invoer!$BG$38:$BG$57,0))),"") | AY10: =IF(ISBLANK(AX10),0,(IF(X10<>"",(utwd*(IF(ISNUMBER(AE10),AE10,0))+uttd*(IF(ISNUMBER(AF10),AF10,0))+utsb*(IF(ISNUMBER(AG10),AG10,0))+utrw*(IF(ISNUMBER(AH10),AH10,0))+utd*(IF(ISNUMBER(AI10),AI10,0))+_ut3*(IF(ISNUMBER(AJ10),AJ10,0)) +(IF(ISNUMBER(AP10),AP10,0))),0))*L10) | BA10: =IF(ISBLANK(AZ10),0,(IF(X10<>"",(utwd*(IF(ISNUMBER(AE10),AE10,0))+uttd*(IF(ISNUMBER(AF10),AF10,0))+utsb*(IF(ISNUMBER(AG10),AG10,0))+utrw*(IF(ISNUMBER(AH10),AH10,0))+utd*(IF(ISNUMBER(AI10),AI10,0))+_ut3*(IF(ISNUMBER(AJ10),AJ10,0)) +(IF(ISNUMBER(AP10),AP10,0))),0))*L10) | BC10: =IF(ISBLANK(BB10),0,(IF(X10<>"",(utwd*(IF(ISNUMBER(AE10),AE10,0))+uttd*(IF(ISNUMBER(AF10),AF10,0))+utsb*(IF(ISNUMBER(AG10),AG10,0))+utrw*(IF(ISNUMBER(AH10),AH10,0))+utd*(IF(ISNUMBER(AI10),AI10,0))+_ut3*(IF(ISNUMBER(AJ10),AJ10,0)) +(IF(ISNUMBER(AP10),AP10,0))),0))*L10)
A11: =IFERROR(N(INDEX(Invoer!$B$38:$B$57,MATCH(5,Invoer!$BG$38:$BG$57,0))),0) | B11: =IFERROR(N(INDEX(Invoer!$C$38:$C$57,MATCH(5,Invoer!$BG$38:$BG$57,0))),0) | C11: =IFERROR(N(INDEX(Invoer!$D$38:$D$57,MATCH(5,Invoer!$BG$38:$BG$57,0))),0) | D11: =IFERROR(N(INDEX(Invoer!$E$38:$E$57,MATCH(5,Invoer!$BG$38:$BG$57,0))),0) | E11: =IFERROR(N(INDEX(Invoer!$F$38:$F$57,MATCH(5,Invoer!$BG$38:$BG$57,0))),0) | F11: =IFERROR(N(INDEX(Invoer!$G$38:$G$57,MATCH(5,Invoer!$BG$38:$BG$57,0))),0) | G11: =IFERROR(N(INDEX(Invoer!$H$38:$H$57,MATCH(5,Invoer!$BG$38:$BG$57,0))),0) | H11: =IFERROR(N(INDEX(Invoer!$I$38:$I$57,MATCH(5,Invoer!$BG$38:$BG$57,0))),0) | I11: =IFERROR(N(INDEX(Invoer!$J$38:$J$57,MATCH(5,Invoer!$BG$38:$BG$57,0))),0) | J11: =IFERROR(N(INDEX(Invoer!$K$38:$K$57,MATCH(5,Invoer!$BG$38:$BG$57,0))),0) | K11: =IFERROR(IF(INDEX(Invoer!$L$38:$L$57,MATCH(5,Invoer!$BG$38:$BG$57,0))="","",INDEX(Invoer!$L$38:$L$57,MATCH(5,Invoer!$BG$38:$BG$57,0))),"") | L11: =IFERROR(N(INDEX(Invoer!$M$38:$M$57,MATCH(5,Invoer!$BG$38:$BG$57,0))),0) | M11: =IFERROR(IF(INDEX(Invoer!$BK$38:$BK$57,MATCH(5,Invoer!$BG$38:$BG$57,0))="","",INDEX(Invoer!$BK$38:$BK$57,MATCH(5,Invoer!$BG$38:$BG$57,0))),"") | N11: =IFERROR(IF(INDEX(Invoer!$BL$38:$BL$57,MATCH(5,Invoer!$BG$38:$BG$57,0))="","",INDEX(Invoer!$BL$38:$BL$57,MATCH(5,Invoer!$BG$38:$BG$57,0))),"") | O11: =IFERROR(IF(INDEX(Invoer!$BM$38:$BM$57,MATCH(5,Invoer!$BG$38:$BG$57,0))="","",INDEX(Invoer!$BM$38:$BM$57,MATCH(5,Invoer!$BG$38:$BG$57,0))),"") | P11: =IFERROR(IF(INDEX(Invoer!$BN$38:$BN$57,MATCH(5,Invoer!$BG$38:$BG$57,0))="","",INDEX(Invoer!$BN$38:$BN$57,MATCH(5,Invoer!$BG$38:$BG$57,0))),"") | Q11: =IFERROR(IF(INDEX(Invoer!$BO$38:$BO$57,MATCH(5,Invoer!$BG$38:$BG$57,0))="","",INDEX(Invoer!$BO$38:$BO$57,MATCH(5,Invoer!$BG$38:$BG$57,0))),"") | R11: =IFERROR(IF(INDEX(Invoer!$BP$38:$BP$57,MATCH(5,Invoer!$BG$38:$BG$57,0))="","",INDEX(Invoer!$BP$38:$BP$57,MATCH(5,Invoer!$BG$38:$BG$57,0))),"") | T11: =IFERROR(IF(INDEX(Invoer!$Q$38:$Q$57,MATCH(5,Invoer!$BG$38:$BG$57,0))="","",INDEX(Invoer!$Q$38:$Q$57,MATCH(5,Invoer!$BG$38:$BG$57,0))),"") | V11: =IFERROR(IF(INDEX(Invoer!$R$38:$R$57,MATCH(5,Invoer!$BG$38:$BG$57,0))="","",INDEX(Invoer!$R$38:$R$57,MATCH(5,Invoer!$BG$38:$BG$57,0))),"") | X11: =IFERROR(IF(N(INDEX(Invoer!$BV$38:$BV$57,MATCH(5,Invoer!$BG$38:$BG$57,0)))=0,"",INDEX(Invoer!$BV$38:$BV$57,MATCH(5,Invoer!$BG$38:$BG$57,0))),"") | Y11: =IFERROR(IF(INDEX(Invoer!$T$38:$T$57,MATCH(5,Invoer!$BG$38:$BG$57,0))="","",INDEX(Invoer!$T$38:$T$57,MATCH(5,Invoer!$BG$38:$BG$57,0))),"") | AA11: =IFERROR(IF(INDEX(Invoer!$U$38:$U$57,MATCH(5,Invoer!$BG$38:$BG$57,0))="","",INDEX(Invoer!$U$38:$U$57,MATCH(5,Invoer!$BG$38:$BG$57,0))),"") | AB11: =IFERROR(IF(INDEX(Invoer!$V$38:$V$57,MATCH(5,Invoer!$BG$38:$BG$57,0))="","",INDEX(Invoer!$V$38:$V$57,MATCH(5,Invoer!$BG$38:$BG$57,0))),"") | AC11: =IFERROR(IF(INDEX(Invoer!$W$38:$W$57,MATCH(5,Invoer!$BG$38:$BG$57,0))="","",INDEX(Invoer!$W$38:$W$57,MATCH(5,Invoer!$BG$38:$BG$57,0))),"") | AE11: =IFERROR(N(INDEX(Invoer!$X$38:$X$57,MATCH(5,Invoer!$BG$38:$BG$57,0))),0) | AF11: =IFERROR(N(INDEX(Invoer!$Y$38:$Y$57,MATCH(5,Invoer!$BG$38:$BG$57,0))),0) | AG11: =IFERROR(N(INDEX(Invoer!$Z$38:$Z$57,MATCH(5,Invoer!$BG$38:$BG$57,0))),0) | AH11: =IFERROR(N(INDEX(Invoer!$AA$38:$AA$57,MATCH(5,Invoer!$BG$38:$BG$57,0))),0) | AI11: =IFERROR(N(INDEX(Invoer!$AB$38:$AB$57,MATCH(5,Invoer!$BG$38:$BG$57,0))),0) | AJ11: =IFERROR(N(INDEX(Invoer!$AC$38:$AC$57,MATCH(5,Invoer!$BG$38:$BG$57,0))),0) | AL11: =IFERROR(N(INDEX(Invoer!$BC$38:$BC$57,MATCH(5,Invoer!$BG$38:$BG$57,0))),0) | AN11: =IFERROR(N(INDEX(Invoer!$BD$38:$BD$57,MATCH(5,Invoer!$BG$38:$BG$57,0))),0) | AP11: =IFERROR(N(INDEX(Invoer!$AD$38:$AD$57,MATCH(5,Invoer!$BG$38:$BG$57,0))),0) | AR11: =(IF(X11<>"",(utwd*(IF(ISNUMBER(AE11),AE11,0))+uttd*(IF(ISNUMBER(AF11),AF11,0))+utsb*(IF(ISNUMBER(AG11),AG11,0))+utrw*(IF(ISNUMBER(AH11),AH11,0))+utd*(IF(ISNUMBER(AI11),AI11,0))+_ut3*(IF(ISNUMBER(AJ11),AJ11,0)) +(IF(ISNUMBER(AP11),AP11,0)))*(IF(Y11="j",1,IF(Y11="m",12,IF(Y11="w",52,IF(Y11="d",365,0)))))/X11,0))*L11 | AT11: =IFERROR(N(INDEX(Invoer!$AJ$38:$AJ$57,MATCH(5,Invoer!$BG$38:$BG$57,0))),0) | AV11: =IFERROR(IF(INDEX(Invoer!$BE$38:$BE$57,MATCH(5,Invoer!$BG$38:$BG$57,0))="","",INDEX(Invoer!$BE$38:$BE$57,MATCH(5,Invoer!$BG$38:$BG$57,0))),"") | AY11: =IF(ISBLANK(AX11),0,(IF(X11<>"",(utwd*(IF(ISNUMBER(AE11),AE11,0))+uttd*(IF(ISNUMBER(AF11),AF11,0))+utsb*(IF(ISNUMBER(AG11),AG11,0))+utrw*(IF(ISNUMBER(AH11),AH11,0))+utd*(IF(ISNUMBER(AI11),AI11,0))+_ut3*(IF(ISNUMBER(AJ11),AJ11,0)) +(IF(ISNUMBER(AP11),AP11,0))),0))*L11) | BA11: =IF(ISBLANK(AZ11),0,(IF(X11<>"",(utwd*(IF(ISNUMBER(AE11),AE11,0))+uttd*(IF(ISNUMBER(AF11),AF11,0))+utsb*(IF(ISNUMBER(AG11),AG11,0))+utrw*(IF(ISNUMBER(AH11),AH11,0))+utd*(IF(ISNUMBER(AI11),AI11,0))+_ut3*(IF(ISNUMBER(AJ11),AJ11,0)) +(IF(ISNUMBER(AP11),AP11,0))),0))*L11) | BC11: =IF(ISBLANK(BB11),0,(IF(X11<>"",(utwd*(IF(ISNUMBER(AE11),AE11,0))+uttd*(IF(ISNUMBER(AF11),AF11,0))+utsb*(IF(ISNUMBER(AG11),AG11,0))+utrw*(IF(ISNUMBER(AH11),AH11,0))+utd*(IF(ISNUMBER(AI11),AI11,0))+_ut3*(IF(ISNUMBER(AJ11),AJ11,0)) +(IF(ISNUMBER(AP11),AP11,0))),0))*L11)
A12: =IFERROR(N(INDEX(Invoer!$B$38:$B$57,MATCH(6,Invoer!$BG$38:$BG$57,0))),0) | B12: =IFERROR(N(INDEX(Invoer!$C$38:$C$57,MATCH(6,Invoer!$BG$38:$BG$57,0))),0) | C12: =IFERROR(N(INDEX(Invoer!$D$38:$D$57,MATCH(6,Invoer!$BG$38:$BG$57,0))),0) | D12: =IFERROR(N(INDEX(Invoer!$E$38:$E$57,MATCH(6,Invoer!$BG$38:$BG$57,0))),0) | E12: =IFERROR(N(INDEX(Invoer!$F$38:$F$57,MATCH(6,Invoer!$BG$38:$BG$57,0))),0) | F12: =IFERROR(N(INDEX(Invoer!$G$38:$G$57,MATCH(6,Invoer!$BG$38:$BG$57,0))),0) | G12: =IFERROR(N(INDEX(Invoer!$H$38:$H$57,MATCH(6,Invoer!$BG$38:$BG$57,0))),0) | H12: =IFERROR(N(INDEX(Invoer!$I$38:$I$57,MATCH(6,Invoer!$BG$38:$BG$57,0))),0) | I12: =IFERROR(N(INDEX(Invoer!$J$38:$J$57,MATCH(6,Invoer!$BG$38:$BG$57,0))),0) | J12: =IFERROR(N(INDEX(Invoer!$K$38:$K$57,MATCH(6,Invoer!$BG$38:$BG$57,0))),0) | K12: =IFERROR(IF(INDEX(Invoer!$L$38:$L$57,MATCH(6,Invoer!$BG$38:$BG$57,0))="","",INDEX(Invoer!$L$38:$L$57,MATCH(6,Invoer!$BG$38:$BG$57,0))),"") | L12: =IFERROR(N(INDEX(Invoer!$M$38:$M$57,MATCH(6,Invoer!$BG$38:$BG$57,0))),0) | M12: =IFERROR(IF(INDEX(Invoer!$BK$38:$BK$57,MATCH(6,Invoer!$BG$38:$BG$57,0))="","",INDEX(Invoer!$BK$38:$BK$57,MATCH(6,Invoer!$BG$38:$BG$57,0))),"") | N12: =IFERROR(IF(INDEX(Invoer!$BL$38:$BL$57,MATCH(6,Invoer!$BG$38:$BG$57,0))="","",INDEX(Invoer!$BL$38:$BL$57,MATCH(6,Invoer!$BG$38:$BG$57,0))),"") | O12: =IFERROR(IF(INDEX(Invoer!$BM$38:$BM$57,MATCH(6,Invoer!$BG$38:$BG$57,0))="","",INDEX(Invoer!$BM$38:$BM$57,MATCH(6,Invoer!$BG$38:$BG$57,0))),"") | P12: =IFERROR(IF(INDEX(Invoer!$BN$38:$BN$57,MATCH(6,Invoer!$BG$38:$BG$57,0))="","",INDEX(Invoer!$BN$38:$BN$57,MATCH(6,Invoer!$BG$38:$BG$57,0))),"") | Q12: =IFERROR(IF(INDEX(Invoer!$BO$38:$BO$57,MATCH(6,Invoer!$BG$38:$BG$57,0))="","",INDEX(Invoer!$BO$38:$BO$57,MATCH(6,Invoer!$BG$38:$BG$57,0))),"") | R12: =IFERROR(IF(INDEX(Invoer!$BP$38:$BP$57,MATCH(6,Invoer!$BG$38:$BG$57,0))="","",INDEX(Invoer!$BP$38:$BP$57,MATCH(6,Invoer!$BG$38:$BG$57,0))),"") | T12: =IFERROR(IF(INDEX(Invoer!$Q$38:$Q$57,MATCH(6,Invoer!$BG$38:$BG$57,0))="","",INDEX(Invoer!$Q$38:$Q$57,MATCH(6,Invoer!$BG$38:$BG$57,0))),"") | V12: =IFERROR(IF(INDEX(Invoer!$R$38:$R$57,MATCH(6,Invoer!$BG$38:$BG$57,0))="","",INDEX(Invoer!$R$38:$R$57,MATCH(6,Invoer!$BG$38:$BG$57,0))),"") | X12: =IFERROR(IF(N(INDEX(Invoer!$BV$38:$BV$57,MATCH(6,Invoer!$BG$38:$BG$57,0)))=0,"",INDEX(Invoer!$BV$38:$BV$57,MATCH(6,Invoer!$BG$38:$BG$57,0))),"") | Y12: =IFERROR(IF(INDEX(Invoer!$T$38:$T$57,MATCH(6,Invoer!$BG$38:$BG$57,0))="","",INDEX(Invoer!$T$38:$T$57,MATCH(6,Invoer!$BG$38:$BG$57,0))),"") | AA12: =IFERROR(IF(INDEX(Invoer!$U$38:$U$57,MATCH(6,Invoer!$BG$38:$BG$57,0))="","",INDEX(Invoer!$U$38:$U$57,MATCH(6,Invoer!$BG$38:$BG$57,0))),"") | AB12: =IFERROR(IF(INDEX(Invoer!$V$38:$V$57,MATCH(6,Invoer!$BG$38:$BG$57,0))="","",INDEX(Invoer!$V$38:$V$57,MATCH(6,Invoer!$BG$38:$BG$57,0))),"") | AC12: =IFERROR(IF(INDEX(Invoer!$W$38:$W$57,MATCH(6,Invoer!$BG$38:$BG$57,0))="","",INDEX(Invoer!$W$38:$W$57,MATCH(6,Invoer!$BG$38:$BG$57,0))),"") | AE12: =IFERROR(N(INDEX(Invoer!$X$38:$X$57,MATCH(6,Invoer!$BG$38:$BG$57,0))),0) | AF12: =IFERROR(N(INDEX(Invoer!$Y$38:$Y$57,MATCH(6,Invoer!$BG$38:$BG$57,0))),0) | AG12: =IFERROR(N(INDEX(Invoer!$Z$38:$Z$57,MATCH(6,Invoer!$BG$38:$BG$57,0))),0) | AH12: =IFERROR(N(INDEX(Invoer!$AA$38:$AA$57,MATCH(6,Invoer!$BG$38:$BG$57,0))),0) | AI12: =IFERROR(N(INDEX(Invoer!$AB$38:$AB$57,MATCH(6,Invoer!$BG$38:$BG$57,0))),0) | AJ12: =IFERROR(N(INDEX(Invoer!$AC$38:$AC$57,MATCH(6,Invoer!$BG$38:$BG$57,0))),0) | AL12: =IFERROR(N(INDEX(Invoer!$BC$38:$BC$57,MATCH(6,Invoer!$BG$38:$BG$57,0))),0) | AN12: =IFERROR(N(INDEX(Invoer!$BD$38:$BD$57,MATCH(6,Invoer!$BG$38:$BG$57,0))),0) | AP12: =IFERROR(N(INDEX(Invoer!$AD$38:$AD$57,MATCH(6,Invoer!$BG$38:$BG$57,0))),0) | AR12: =(IF(X12<>"",(utwd*(IF(ISNUMBER(AE12),AE12,0))+uttd*(IF(ISNUMBER(AF12),AF12,0))+utsb*(IF(ISNUMBER(AG12),AG12,0))+utrw*(IF(ISNUMBER(AH12),AH12,0))+utd*(IF(ISNUMBER(AI12),AI12,0))+_ut3*(IF(ISNUMBER(AJ12),AJ12,0)) +(IF(ISNUMBER(AP12),AP12,0)))*(IF(Y12="j",1,IF(Y12="m",12,IF(Y12="w",52,IF(Y12="d",365,0)))))/X12,0))*L12 | AT12: =IFERROR(N(INDEX(Invoer!$AJ$38:$AJ$57,MATCH(6,Invoer!$BG$38:$BG$57,0))),0) | AV12: =IFERROR(IF(INDEX(Invoer!$BE$38:$BE$57,MATCH(6,Invoer!$BG$38:$BG$57,0))="","",INDEX(Invoer!$BE$38:$BE$57,MATCH(6,Invoer!$BG$38:$BG$57,0))),"") | AY12: =IF(ISBLANK(AX12),0,(IF(X12<>"",(utwd*(IF(ISNUMBER(AE12),AE12,0))+uttd*(IF(ISNUMBER(AF12),AF12,0))+utsb*(IF(ISNUMBER(AG12),AG12,0))+utrw*(IF(ISNUMBER(AH12),AH12,0))+utd*(IF(ISNUMBER(AI12),AI12,0))+_ut3*(IF(ISNUMBER(AJ12),AJ12,0)) +(IF(ISNUMBER(AP12),AP12,0))),0))*L12) | BA12: =IF(ISBLANK(AZ12),0,(IF(X12<>"",(utwd*(IF(ISNUMBER(AE12),AE12,0))+uttd*(IF(ISNUMBER(AF12),AF12,0))+utsb*(IF(ISNUMBER(AG12),AG12,0))+utrw*(IF(ISNUMBER(AH12),AH12,0))+utd*(IF(ISNUMBER(AI12),AI12,0))+_ut3*(IF(ISNUMBER(AJ12),AJ12,0)) +(IF(ISNUMBER(AP12),AP12,0))),0))*L12) | BC12: =IF(ISBLANK(BB12),0,(IF(X12<>"",(utwd*(IF(ISNUMBER(AE12),AE12,0))+uttd*(IF(ISNUMBER(AF12),AF12,0))+utsb*(IF(ISNUMBER(AG12),AG12,0))+utrw*(IF(ISNUMBER(AH12),AH12,0))+utd*(IF(ISNUMBER(AI12),AI12,0))+_ut3*(IF(ISNUMBER(AJ12),AJ12,0)) +(IF(ISNUMBER(AP12),AP12,0))),0))*L12)
A13: =IFERROR(N(INDEX(Invoer!$B$38:$B$57,MATCH(7,Invoer!$BG$38:$BG$57,0))),0) | B13: =IFERROR(N(INDEX(Invoer!$C$38:$C$57,MATCH(7,Invoer!$BG$38:$BG$57,0))),0) | C13: =IFERROR(N(INDEX(Invoer!$D$38:$D$57,MATCH(7,Invoer!$BG$38:$BG$57,0))),0) | D13: =IFERROR(N(INDEX(Invoer!$E$38:$E$57,MATCH(7,Invoer!$BG$38:$BG$57,0))),0) | E13: =IFERROR(N(INDEX(Invoer!$F$38:$F$57,MATCH(7,Invoer!$BG$38:$BG$57,0))),0) | F13: =IFERROR(N(INDEX(Invoer!$G$38:$G$57,MATCH(7,Invoer!$BG$38:$BG$57,0))),0) | G13: =IFERROR(N(INDEX(Invoer!$H$38:$H$57,MATCH(7,Invoer!$BG$38:$BG$57,0))),0) | H13: =IFERROR(N(INDEX(Invoer!$I$38:$I$57,MATCH(7,Invoer!$BG$38:$BG$57,0))),0) | I13: =IFERROR(N(INDEX(Invoer!$J$38:$J$57,MATCH(7,Invoer!$BG$38:$BG$57,0))),0) | J13: =IFERROR(N(INDEX(Invoer!$K$38:$K$57,MATCH(7,Invoer!$BG$38:$BG$57,0))),0) | K13: =IFERROR(IF(INDEX(Invoer!$L$38:$L$57,MATCH(7,Invoer!$BG$38:$BG$57,0))="","",INDEX(Invoer!$L$38:$L$57,MATCH(7,Invoer!$BG$38:$BG$57,0))),"") | L13: =IFERROR(N(INDEX(Invoer!$M$38:$M$57,MATCH(7,Invoer!$BG$38:$BG$57,0))),0) | M13: =IFERROR(IF(INDEX(Invoer!$BK$38:$BK$57,MATCH(7,Invoer!$BG$38:$BG$57,0))="","",INDEX(Invoer!$BK$38:$BK$57,MATCH(7,Invoer!$BG$38:$BG$57,0))),"") | N13: =IFERROR(IF(INDEX(Invoer!$BL$38:$BL$57,MATCH(7,Invoer!$BG$38:$BG$57,0))="","",INDEX(Invoer!$BL$38:$BL$57,MATCH(7,Invoer!$BG$38:$BG$57,0))),"") | O13: =IFERROR(IF(INDEX(Invoer!$BM$38:$BM$57,MATCH(7,Invoer!$BG$38:$BG$57,0))="","",INDEX(Invoer!$BM$38:$BM$57,MATCH(7,Invoer!$BG$38:$BG$57,0))),"") | P13: =IFERROR(IF(INDEX(Invoer!$BN$38:$BN$57,MATCH(7,Invoer!$BG$38:$BG$57,0))="","",INDEX(Invoer!$BN$38:$BN$57,MATCH(7,Invoer!$BG$38:$BG$57,0))),"") | Q13: =IFERROR(IF(INDEX(Invoer!$BO$38:$BO$57,MATCH(7,Invoer!$BG$38:$BG$57,0))="","",INDEX(Invoer!$BO$38:$BO$57,MATCH(7,Invoer!$BG$38:$BG$57,0))),"") | R13: =IFERROR(IF(INDEX(Invoer!$BP$38:$BP$57,MATCH(7,Invoer!$BG$38:$BG$57,0))="","",INDEX(Invoer!$BP$38:$BP$57,MATCH(7,Invoer!$BG$38:$BG$57,0))),"") | T13: =IFERROR(IF(INDEX(Invoer!$Q$38:$Q$57,MATCH(7,Invoer!$BG$38:$BG$57,0))="","",INDEX(Invoer!$Q$38:$Q$57,MATCH(7,Invoer!$BG$38:$BG$57,0))),"") | V13: =IFERROR(IF(INDEX(Invoer!$R$38:$R$57,MATCH(7,Invoer!$BG$38:$BG$57,0))="","",INDEX(Invoer!$R$38:$R$57,MATCH(7,Invoer!$BG$38:$BG$57,0))),"") | X13: =IFERROR(IF(N(INDEX(Invoer!$BV$38:$BV$57,MATCH(7,Invoer!$BG$38:$BG$57,0)))=0,"",INDEX(Invoer!$BV$38:$BV$57,MATCH(7,Invoer!$BG$38:$BG$57,0))),"") | Y13: =IFERROR(IF(INDEX(Invoer!$T$38:$T$57,MATCH(7,Invoer!$BG$38:$BG$57,0))="","",INDEX(Invoer!$T$38:$T$57,MATCH(7,Invoer!$BG$38:$BG$57,0))),"") | AA13: =IFERROR(IF(INDEX(Invoer!$U$38:$U$57,MATCH(7,Invoer!$BG$38:$BG$57,0))="","",INDEX(Invoer!$U$38:$U$57,MATCH(7,Invoer!$BG$38:$BG$57,0))),"") | AB13: =IFERROR(IF(INDEX(Invoer!$V$38:$V$57,MATCH(7,Invoer!$BG$38:$BG$57,0))="","",INDEX(Invoer!$V$38:$V$57,MATCH(7,Invoer!$BG$38:$BG$57,0))),"") | AC13: =IFERROR(IF(INDEX(Invoer!$W$38:$W$57,MATCH(7,Invoer!$BG$38:$BG$57,0))="","",INDEX(Invoer!$W$38:$W$57,MATCH(7,Invoer!$BG$38:$BG$57,0))),"") | AE13: =IFERROR(N(INDEX(Invoer!$X$38:$X$57,MATCH(7,Invoer!$BG$38:$BG$57,0))),0) | AF13: =IFERROR(N(INDEX(Invoer!$Y$38:$Y$57,MATCH(7,Invoer!$BG$38:$BG$57,0))),0) | AG13: =IFERROR(N(INDEX(Invoer!$Z$38:$Z$57,MATCH(7,Invoer!$BG$38:$BG$57,0))),0) | AH13: =IFERROR(N(INDEX(Invoer!$AA$38:$AA$57,MATCH(7,Invoer!$BG$38:$BG$57,0))),0) | AI13: =IFERROR(N(INDEX(Invoer!$AB$38:$AB$57,MATCH(7,Invoer!$BG$38:$BG$57,0))),0) | AJ13: =IFERROR(N(INDEX(Invoer!$AC$38:$AC$57,MATCH(7,Invoer!$BG$38:$BG$57,0))),0) | AL13: =IFERROR(N(INDEX(Invoer!$BC$38:$BC$57,MATCH(7,Invoer!$BG$38:$BG$57,0))),0) | AN13: =IFERROR(N(INDEX(Invoer!$BD$38:$BD$57,MATCH(7,Invoer!$BG$38:$BG$57,0))),0) | AP13: =IFERROR(N(INDEX(Invoer!$AD$38:$AD$57,MATCH(7,Invoer!$BG$38:$BG$57,0))),0) | AR13: =(IF(X13<>"",(utwd*(IF(ISNUMBER(AE13),AE13,0))+uttd*(IF(ISNUMBER(AF13),AF13,0))+utsb*(IF(ISNUMBER(AG13),AG13,0))+utrw*(IF(ISNUMBER(AH13),AH13,0))+utd*(IF(ISNUMBER(AI13),AI13,0))+_ut3*(IF(ISNUMBER(AJ13),AJ13,0)) +(IF(ISNUMBER(AP13),AP13,0)))*(IF(Y13="j",1,IF(Y13="m",12,IF(Y13="w",52,IF(Y13="d",365,0)))))/X13,0))*L13 | AT13: =IFERROR(N(INDEX(Invoer!$AJ$38:$AJ$57,MATCH(7,Invoer!$BG$38:$BG$57,0))),0) | AV13: =IFERROR(IF(INDEX(Invoer!$BE$38:$BE$57,MATCH(7,Invoer!$BG$38:$BG$57,0))="","",INDEX(Invoer!$BE$38:$BE$57,MATCH(7,Invoer!$BG$38:$BG$57,0))),"") | AY13: =IF(ISBLANK(AX13),0,(IF(X13<>"",(utwd*(IF(ISNUMBER(AE13),AE13,0))+uttd*(IF(ISNUMBER(AF13),AF13,0))+utsb*(IF(ISNUMBER(AG13),AG13,0))+utrw*(IF(ISNUMBER(AH13),AH13,0))+utd*(IF(ISNUMBER(AI13),AI13,0))+_ut3*(IF(ISNUMBER(AJ13),AJ13,0)) +(IF(ISNUMBER(AP13),AP13,0))),0))*L13) | BA13: =IF(ISBLANK(AZ13),0,(IF(X13<>"",(utwd*(IF(ISNUMBER(AE13),AE13,0))+uttd*(IF(ISNUMBER(AF13),AF13,0))+utsb*(IF(ISNUMBER(AG13),AG13,0))+utrw*(IF(ISNUMBER(AH13),AH13,0))+utd*(IF(ISNUMBER(AI13),AI13,0))+_ut3*(IF(ISNUMBER(AJ13),AJ13,0)) +(IF(ISNUMBER(AP13),AP13,0))),0))*L13) | BC13: =IF(ISBLANK(BB13),0,(IF(X13<>"",(utwd*(IF(ISNUMBER(AE13),AE13,0))+uttd*(IF(ISNUMBER(AF13),AF13,0))+utsb*(IF(ISNUMBER(AG13),AG13,0))+utrw*(IF(ISNUMBER(AH13),AH13,0))+utd*(IF(ISNUMBER(AI13),AI13,0))+_ut3*(IF(ISNUMBER(AJ13),AJ13,0)) +(IF(ISNUMBER(AP13),AP13,0))),0))*L13)
A14: =IFERROR(N(INDEX(Invoer!$B$38:$B$57,MATCH(8,Invoer!$BG$38:$BG$57,0))),0) | B14: =IFERROR(N(INDEX(Invoer!$C$38:$C$57,MATCH(8,Invoer!$BG$38:$BG$57,0))),0) | C14: =IFERROR(N(INDEX(Invoer!$D$38:$D$57,MATCH(8,Invoer!$BG$38:$BG$57,0))),0) | D14: =IFERROR(N(INDEX(Invoer!$E$38:$E$57,MATCH(8,Invoer!$BG$38:$BG$57,0))),0) | E14: =IFERROR(N(INDEX(Invoer!$F$38:$F$57,MATCH(8,Invoer!$BG$38:$BG$57,0))),0) | F14: =IFERROR(N(INDEX(Invoer!$G$38:$G$57,MATCH(8,Invoer!$BG$38:$BG$57,0))),0) | G14: =IFERROR(N(INDEX(Invoer!$H$38:$H$57,MATCH(8,Invoer!$BG$38:$BG$57,0))),0) | H14: =IFERROR(N(INDEX(Invoer!$I$38:$I$57,MATCH(8,Invoer!$BG$38:$BG$57,0))),0) | I14: =IFERROR(N(INDEX(Invoer!$J$38:$J$57,MATCH(8,Invoer!$BG$38:$BG$57,0))),0) | J14: =IFERROR(N(INDEX(Invoer!$K$38:$K$57,MATCH(8,Invoer!$BG$38:$BG$57,0))),0) | K14: =IFERROR(IF(INDEX(Invoer!$L$38:$L$57,MATCH(8,Invoer!$BG$38:$BG$57,0))="","",INDEX(Invoer!$L$38:$L$57,MATCH(8,Invoer!$BG$38:$BG$57,0))),"") | L14: =IFERROR(N(INDEX(Invoer!$M$38:$M$57,MATCH(8,Invoer!$BG$38:$BG$57,0))),0) | M14: =IFERROR(IF(INDEX(Invoer!$BK$38:$BK$57,MATCH(8,Invoer!$BG$38:$BG$57,0))="","",INDEX(Invoer!$BK$38:$BK$57,MATCH(8,Invoer!$BG$38:$BG$57,0))),"") | N14: =IFERROR(IF(INDEX(Invoer!$BL$38:$BL$57,MATCH(8,Invoer!$BG$38:$BG$57,0))="","",INDEX(Invoer!$BL$38:$BL$57,MATCH(8,Invoer!$BG$38:$BG$57,0))),"") | O14: =IFERROR(IF(INDEX(Invoer!$BM$38:$BM$57,MATCH(8,Invoer!$BG$38:$BG$57,0))="","",INDEX(Invoer!$BM$38:$BM$57,MATCH(8,Invoer!$BG$38:$BG$57,0))),"") | P14: =IFERROR(IF(INDEX(Invoer!$BN$38:$BN$57,MATCH(8,Invoer!$BG$38:$BG$57,0))="","",INDEX(Invoer!$BN$38:$BN$57,MATCH(8,Invoer!$BG$38:$BG$57,0))),"") | Q14: =IFERROR(IF(INDEX(Invoer!$BO$38:$BO$57,MATCH(8,Invoer!$BG$38:$BG$57,0))="","",INDEX(Invoer!$BO$38:$BO$57,MATCH(8,Invoer!$BG$38:$BG$57,0))),"") | R14: =IFERROR(IF(INDEX(Invoer!$BP$38:$BP$57,MATCH(8,Invoer!$BG$38:$BG$57,0))="","",INDEX(Invoer!$BP$38:$BP$57,MATCH(8,Invoer!$BG$38:$BG$57,0))),"") | T14: =IFERROR(IF(INDEX(Invoer!$Q$38:$Q$57,MATCH(8,Invoer!$BG$38:$BG$57,0))="","",INDEX(Invoer!$Q$38:$Q$57,MATCH(8,Invoer!$BG$38:$BG$57,0))),"") | V14: =IFERROR(IF(INDEX(Invoer!$R$38:$R$57,MATCH(8,Invoer!$BG$38:$BG$57,0))="","",INDEX(Invoer!$R$38:$R$57,MATCH(8,Invoer!$BG$38:$BG$57,0))),"") | X14: =IFERROR(IF(N(INDEX(Invoer!$BV$38:$BV$57,MATCH(8,Invoer!$BG$38:$BG$57,0)))=0,"",INDEX(Invoer!$BV$38:$BV$57,MATCH(8,Invoer!$BG$38:$BG$57,0))),"") | Y14: =IFERROR(IF(INDEX(Invoer!$T$38:$T$57,MATCH(8,Invoer!$BG$38:$BG$57,0))="","",INDEX(Invoer!$T$38:$T$57,MATCH(8,Invoer!$BG$38:$BG$57,0))),"") | AA14: =IFERROR(IF(INDEX(Invoer!$U$38:$U$57,MATCH(8,Invoer!$BG$38:$BG$57,0))="","",INDEX(Invoer!$U$38:$U$57,MATCH(8,Invoer!$BG$38:$BG$57,0))),"") | AB14: =IFERROR(IF(INDEX(Invoer!$V$38:$V$57,MATCH(8,Invoer!$BG$38:$BG$57,0))="","",INDEX(Invoer!$V$38:$V$57,MATCH(8,Invoer!$BG$38:$BG$57,0))),"") | AC14: =IFERROR(IF(INDEX(Invoer!$W$38:$W$57,MATCH(8,Invoer!$BG$38:$BG$57,0))="","",INDEX(Invoer!$W$38:$W$57,MATCH(8,Invoer!$BG$38:$BG$57,0))),"") | AE14: =IFERROR(N(INDEX(Invoer!$X$38:$X$57,MATCH(8,Invoer!$BG$38:$BG$57,0))),0) | AF14: =IFERROR(N(INDEX(Invoer!$Y$38:$Y$57,MATCH(8,Invoer!$BG$38:$BG$57,0))),0) | AG14: =IFERROR(N(INDEX(Invoer!$Z$38:$Z$57,MATCH(8,Invoer!$BG$38:$BG$57,0))),0) | AH14: =IFERROR(N(INDEX(Invoer!$AA$38:$AA$57,MATCH(8,Invoer!$BG$38:$BG$57,0))),0) | AI14: =IFERROR(N(INDEX(Invoer!$AB$38:$AB$57,MATCH(8,Invoer!$BG$38:$BG$57,0))),0) | AJ14: =IFERROR(N(INDEX(Invoer!$AC$38:$AC$57,MATCH(8,Invoer!$BG$38:$BG$57,0))),0) | AL14: =IFERROR(N(INDEX(Invoer!$BC$38:$BC$57,MATCH(8,Invoer!$BG$38:$BG$57,0))),0) | AN14: =IFERROR(N(INDEX(Invoer!$BD$38:$BD$57,MATCH(8,Invoer!$BG$38:$BG$57,0))),0) | AP14: =IFERROR(N(INDEX(Invoer!$AD$38:$AD$57,MATCH(8,Invoer!$BG$38:$BG$57,0))),0) | AR14: =(IF(X14<>"",(utwd*(IF(ISNUMBER(AE14),AE14,0))+uttd*(IF(ISNUMBER(AF14),AF14,0))+utsb*(IF(ISNUMBER(AG14),AG14,0))+utrw*(IF(ISNUMBER(AH14),AH14,0))+utd*(IF(ISNUMBER(AI14),AI14,0))+_ut3*(IF(ISNUMBER(AJ14),AJ14,0)) +(IF(ISNUMBER(AP14),AP14,0)))*(IF(Y14="j",1,IF(Y14="m",12,IF(Y14="w",52,IF(Y14="d",365,0)))))/X14,0))*L14 | AT14: =IFERROR(N(INDEX(Invoer!$AJ$38:$AJ$57,MATCH(8,Invoer!$BG$38:$BG$57,0))),0) | AV14: =IFERROR(IF(INDEX(Invoer!$BE$38:$BE$57,MATCH(8,Invoer!$BG$38:$BG$57,0))="","",INDEX(Invoer!$BE$38:$BE$57,MATCH(8,Invoer!$BG$38:$BG$57,0))),"") | AY14: =IF(ISBLANK(AX14),0,(IF(X14<>"",(utwd*(IF(ISNUMBER(AE14),AE14,0))+uttd*(IF(ISNUMBER(AF14),AF14,0))+utsb*(IF(ISNUMBER(AG14),AG14,0))+utrw*(IF(ISNUMBER(AH14),AH14,0))+utd*(IF(ISNUMBER(AI14),AI14,0))+_ut3*(IF(ISNUMBER(AJ14),AJ14,0)) +(IF(ISNUMBER(AP14),AP14,0))),0))*L14) | BA14: =IF(ISBLANK(AZ14),0,(IF(X14<>"",(utwd*(IF(ISNUMBER(AE14),AE14,0))+uttd*(IF(ISNUMBER(AF14),AF14,0))+utsb*(IF(ISNUMBER(AG14),AG14,0))+utrw*(IF(ISNUMBER(AH14),AH14,0))+utd*(IF(ISNUMBER(AI14),AI14,0))+_ut3*(IF(ISNUMBER(AJ14),AJ14,0)) +(IF(ISNUMBER(AP14),AP14,0))),0))*L14) | BC14: =IF(ISBLANK(BB14),0,(IF(X14<>"",(utwd*(IF(ISNUMBER(AE14),AE14,0))+uttd*(IF(ISNUMBER(AF14),AF14,0))+utsb*(IF(ISNUMBER(AG14),AG14,0))+utrw*(IF(ISNUMBER(AH14),AH14,0))+utd*(IF(ISNUMBER(AI14),AI14,0))+_ut3*(IF(ISNUMBER(AJ14),AJ14,0)) +(IF(ISNUMBER(AP14),AP14,0))),0))*L14)
A15: =IFERROR(N(INDEX(Invoer!$B$38:$B$57,MATCH(9,Invoer!$BG$38:$BG$57,0))),0) | B15: =IFERROR(N(INDEX(Invoer!$C$38:$C$57,MATCH(9,Invoer!$BG$38:$BG$57,0))),0) | C15: =IFERROR(N(INDEX(Invoer!$D$38:$D$57,MATCH(9,Invoer!$BG$38:$BG$57,0))),0) | D15: =IFERROR(N(INDEX(Invoer!$E$38:$E$57,MATCH(9,Invoer!$BG$38:$BG$57,0))),0) | E15: =IFERROR(N(INDEX(Invoer!$F$38:$F$57,MATCH(9,Invoer!$BG$38:$BG$57,0))),0) | F15: =IFERROR(N(INDEX(Invoer!$G$38:$G$57,MATCH(9,Invoer!$BG$38:$BG$57,0))),0) | G15: =IFERROR(N(INDEX(Invoer!$H$38:$H$57,MATCH(9,Invoer!$BG$38:$BG$57,0))),0) | H15: =IFERROR(N(INDEX(Invoer!$I$38:$I$57,MATCH(9,Invoer!$BG$38:$BG$57,0))),0) | I15: =IFERROR(N(INDEX(Invoer!$J$38:$J$57,MATCH(9,Invoer!$BG$38:$BG$57,0))),0) | J15: =IFERROR(N(INDEX(Invoer!$K$38:$K$57,MATCH(9,Invoer!$BG$38:$BG$57,0))),0) | K15: =IFERROR(IF(INDEX(Invoer!$L$38:$L$57,MATCH(9,Invoer!$BG$38:$BG$57,0))="","",INDEX(Invoer!$L$38:$L$57,MATCH(9,Invoer!$BG$38:$BG$57,0))),"") | L15: =IFERROR(N(INDEX(Invoer!$M$38:$M$57,MATCH(9,Invoer!$BG$38:$BG$57,0))),0) | M15: =IFERROR(IF(INDEX(Invoer!$BK$38:$BK$57,MATCH(9,Invoer!$BG$38:$BG$57,0))="","",INDEX(Invoer!$BK$38:$BK$57,MATCH(9,Invoer!$BG$38:$BG$57,0))),"") | N15: =IFERROR(IF(INDEX(Invoer!$BL$38:$BL$57,MATCH(9,Invoer!$BG$38:$BG$57,0))="","",INDEX(Invoer!$BL$38:$BL$57,MATCH(9,Invoer!$BG$38:$BG$57,0))),"") | O15: =IFERROR(IF(INDEX(Invoer!$BM$38:$BM$57,MATCH(9,Invoer!$BG$38:$BG$57,0))="","",INDEX(Invoer!$BM$38:$BM$57,MATCH(9,Invoer!$BG$38:$BG$57,0))),"") | P15: =IFERROR(IF(INDEX(Invoer!$BN$38:$BN$57,MATCH(9,Invoer!$BG$38:$BG$57,0))="","",INDEX(Invoer!$BN$38:$BN$57,MATCH(9,Invoer!$BG$38:$BG$57,0))),"") | Q15: =IFERROR(IF(INDEX(Invoer!$BO$38:$BO$57,MATCH(9,Invoer!$BG$38:$BG$57,0))="","",INDEX(Invoer!$BO$38:$BO$57,MATCH(9,Invoer!$BG$38:$BG$57,0))),"") | R15: =IFERROR(IF(INDEX(Invoer!$BP$38:$BP$57,MATCH(9,Invoer!$BG$38:$BG$57,0))="","",INDEX(Invoer!$BP$38:$BP$57,MATCH(9,Invoer!$BG$38:$BG$57,0))),"") | T15: =IFERROR(IF(INDEX(Invoer!$Q$38:$Q$57,MATCH(9,Invoer!$BG$38:$BG$57,0))="","",INDEX(Invoer!$Q$38:$Q$57,MATCH(9,Invoer!$BG$38:$BG$57,0))),"") | V15: =IFERROR(IF(INDEX(Invoer!$R$38:$R$57,MATCH(9,Invoer!$BG$38:$BG$57,0))="","",INDEX(Invoer!$R$38:$R$57,MATCH(9,Invoer!$BG$38:$BG$57,0))),"") | X15: =IFERROR(IF(N(INDEX(Invoer!$BV$38:$BV$57,MATCH(9,Invoer!$BG$38:$BG$57,0)))=0,"",INDEX(Invoer!$BV$38:$BV$57,MATCH(9,Invoer!$BG$38:$BG$57,0))),"") | Y15: =IFERROR(IF(INDEX(Invoer!$T$38:$T$57,MATCH(9,Invoer!$BG$38:$BG$57,0))="","",INDEX(Invoer!$T$38:$T$57,MATCH(9,Invoer!$BG$38:$BG$57,0))),"") | AA15: =IFERROR(IF(INDEX(Invoer!$U$38:$U$57,MATCH(9,Invoer!$BG$38:$BG$57,0))="","",INDEX(Invoer!$U$38:$U$57,MATCH(9,Invoer!$BG$38:$BG$57,0))),"") | AB15: =IFERROR(IF(INDEX(Invoer!$V$38:$V$57,MATCH(9,Invoer!$BG$38:$BG$57,0))="","",INDEX(Invoer!$V$38:$V$57,MATCH(9,Invoer!$BG$38:$BG$57,0))),"") | AC15: =IFERROR(IF(INDEX(Invoer!$W$38:$W$57,MATCH(9,Invoer!$BG$38:$BG$57,0))="","",INDEX(Invoer!$W$38:$W$57,MATCH(9,Invoer!$BG$38:$BG$57,0))),"") | AE15: =IFERROR(N(INDEX(Invoer!$X$38:$X$57,MATCH(9,Invoer!$BG$38:$BG$57,0))),0) | AF15: =IFERROR(N(INDEX(Invoer!$Y$38:$Y$57,MATCH(9,Invoer!$BG$38:$BG$57,0))),0) | AG15: =IFERROR(N(INDEX(Invoer!$Z$38:$Z$57,MATCH(9,Invoer!$BG$38:$BG$57,0))),0) | AH15: =IFERROR(N(INDEX(Invoer!$AA$38:$AA$57,MATCH(9,Invoer!$BG$38:$BG$57,0))),0) | AI15: =IFERROR(N(INDEX(Invoer!$AB$38:$AB$57,MATCH(9,Invoer!$BG$38:$BG$57,0))),0) | AJ15: =IFERROR(N(INDEX(Invoer!$AC$38:$AC$57,MATCH(9,Invoer!$BG$38:$BG$57,0))),0) | AL15: =IFERROR(N(INDEX(Invoer!$BC$38:$BC$57,MATCH(9,Invoer!$BG$38:$BG$57,0))),0) | AN15: =IFERROR(N(INDEX(Invoer!$BD$38:$BD$57,MATCH(9,Invoer!$BG$38:$BG$57,0))),0) | AP15: =IFERROR(N(INDEX(Invoer!$AD$38:$AD$57,MATCH(9,Invoer!$BG$38:$BG$57,0))),0) | AR15: =(IF(X15<>"",(utwd*(IF(ISNUMBER(AE15),AE15,0))+uttd*(IF(ISNUMBER(AF15),AF15,0))+utsb*(IF(ISNUMBER(AG15),AG15,0))+utrw*(IF(ISNUMBER(AH15),AH15,0))+utd*(IF(ISNUMBER(AI15),AI15,0))+_ut3*(IF(ISNUMBER(AJ15),AJ15,0)) +(IF(ISNUMBER(AP15),AP15,0)))*(IF(Y15="j",1,IF(Y15="m",12,IF(Y15="w",52,IF(Y15="d",365,0)))))/X15,0))*L15 | AT15: =IFERROR(N(INDEX(Invoer!$AJ$38:$AJ$57,MATCH(9,Invoer!$BG$38:$BG$57,0))),0) | AV15: =IFERROR(IF(INDEX(Invoer!$BE$38:$BE$57,MATCH(9,Invoer!$BG$38:$BG$57,0))="","",INDEX(Invoer!$BE$38:$BE$57,MATCH(9,Invoer!$BG$38:$BG$57,0))),"") | AY15: =IF(ISBLANK(AX15),0,(IF(X15<>"",(utwd*(IF(ISNUMBER(AE15),AE15,0))+uttd*(IF(ISNUMBER(AF15),AF15,0))+utsb*(IF(ISNUMBER(AG15),AG15,0))+utrw*(IF(ISNUMBER(AH15),AH15,0))+utd*(IF(ISNUMBER(AI15),AI15,0))+_ut3*(IF(ISNUMBER(AJ15),AJ15,0)) +(IF(ISNUMBER(AP15),AP15,0))),0))*L15) | BA15: =IF(ISBLANK(AZ15),0,(IF(X15<>"",(utwd*(IF(ISNUMBER(AE15),AE15,0))+uttd*(IF(ISNUMBER(AF15),AF15,0))+utsb*(IF(ISNUMBER(AG15),AG15,0))+utrw*(IF(ISNUMBER(AH15),AH15,0))+utd*(IF(ISNUMBER(AI15),AI15,0))+_ut3*(IF(ISNUMBER(AJ15),AJ15,0)) +(IF(ISNUMBER(AP15),AP15,0))),0))*L15) | BC15: =IF(ISBLANK(BB15),0,(IF(X15<>"",(utwd*(IF(ISNUMBER(AE15),AE15,0))+uttd*(IF(ISNUMBER(AF15),AF15,0))+utsb*(IF(ISNUMBER(AG15),AG15,0))+utrw*(IF(ISNUMBER(AH15),AH15,0))+utd*(IF(ISNUMBER(AI15),AI15,0))+_ut3*(IF(ISNUMBER(AJ15),AJ15,0)) +(IF(ISNUMBER(AP15),AP15,0))),0))*L15)
A16: =IFERROR(N(INDEX(Invoer!$B$38:$B$57,MATCH(10,Invoer!$BG$38:$BG$57,0))),0) | B16: =IFERROR(N(INDEX(Invoer!$C$38:$C$57,MATCH(10,Invoer!$BG$38:$BG$57,0))),0) | C16: =IFERROR(N(INDEX(Invoer!$D$38:$D$57,MATCH(10,Invoer!$BG$38:$BG$57,0))),0) | D16: =IFERROR(N(INDEX(Invoer!$E$38:$E$57,MATCH(10,Invoer!$BG$38:$BG$57,0))),0) | E16: =IFERROR(N(INDEX(Invoer!$F$38:$F$57,MATCH(10,Invoer!$BG$38:$BG$57,0))),0) | F16: =IFERROR(N(INDEX(Invoer!$G$38:$G$57,MATCH(10,Invoer!$BG$38:$BG$57,0))),0) | G16: =IFERROR(N(INDEX(Invoer!$H$38:$H$57,MATCH(10,Invoer!$BG$38:$BG$57,0))),0) | H16: =IFERROR(N(INDEX(Invoer!$I$38:$I$57,MATCH(10,Invoer!$BG$38:$BG$57,0))),0) | I16: =IFERROR(N(INDEX(Invoer!$J$38:$J$57,MATCH(10,Invoer!$BG$38:$BG$57,0))),0) | J16: =IFERROR(N(INDEX(Invoer!$K$38:$K$57,MATCH(10,Invoer!$BG$38:$BG$57,0))),0) | K16: =IFERROR(IF(INDEX(Invoer!$L$38:$L$57,MATCH(10,Invoer!$BG$38:$BG$57,0))="","",INDEX(Invoer!$L$38:$L$57,MATCH(10,Invoer!$BG$38:$BG$57,0))),"") | L16: =IFERROR(N(INDEX(Invoer!$M$38:$M$57,MATCH(10,Invoer!$BG$38:$BG$57,0))),0) | M16: =IFERROR(IF(INDEX(Invoer!$BK$38:$BK$57,MATCH(10,Invoer!$BG$38:$BG$57,0))="","",INDEX(Invoer!$BK$38:$BK$57,MATCH(10,Invoer!$BG$38:$BG$57,0))),"") | N16: =IFERROR(IF(INDEX(Invoer!$BL$38:$BL$57,MATCH(10,Invoer!$BG$38:$BG$57,0))="","",INDEX(Invoer!$BL$38:$BL$57,MATCH(10,Invoer!$BG$38:$BG$57,0))),"") | O16: =IFERROR(IF(INDEX(Invoer!$BM$38:$BM$57,MATCH(10,Invoer!$BG$38:$BG$57,0))="","",INDEX(Invoer!$BM$38:$BM$57,MATCH(10,Invoer!$BG$38:$BG$57,0))),"") | P16: =IFERROR(IF(INDEX(Invoer!$BN$38:$BN$57,MATCH(10,Invoer!$BG$38:$BG$57,0))="","",INDEX(Invoer!$BN$38:$BN$57,MATCH(10,Invoer!$BG$38:$BG$57,0))),"") | Q16: =IFERROR(IF(INDEX(Invoer!$BO$38:$BO$57,MATCH(10,Invoer!$BG$38:$BG$57,0))="","",INDEX(Invoer!$BO$38:$BO$57,MATCH(10,Invoer!$BG$38:$BG$57,0))),"") | R16: =IFERROR(IF(INDEX(Invoer!$BP$38:$BP$57,MATCH(10,Invoer!$BG$38:$BG$57,0))="","",INDEX(Invoer!$BP$38:$BP$57,MATCH(10,Invoer!$BG$38:$BG$57,0))),"") | T16: =IFERROR(IF(INDEX(Invoer!$Q$38:$Q$57,MATCH(10,Invoer!$BG$38:$BG$57,0))="","",INDEX(Invoer!$Q$38:$Q$57,MATCH(10,Invoer!$BG$38:$BG$57,0))),"") | V16: =IFERROR(IF(INDEX(Invoer!$R$38:$R$57,MATCH(10,Invoer!$BG$38:$BG$57,0))="","",INDEX(Invoer!$R$38:$R$57,MATCH(10,Invoer!$BG$38:$BG$57,0))),"") | X16: =IFERROR(IF(N(INDEX(Invoer!$BV$38:$BV$57,MATCH(10,Invoer!$BG$38:$BG$57,0)))=0,"",INDEX(Invoer!$BV$38:$BV$57,MATCH(10,Invoer!$BG$38:$BG$57,0))),"") | Y16: =IFERROR(IF(INDEX(Invoer!$T$38:$T$57,MATCH(10,Invoer!$BG$38:$BG$57,0))="","",INDEX(Invoer!$T$38:$T$57,MATCH(10,Invoer!$BG$38:$BG$57,0))),"") | AA16: =IFERROR(IF(INDEX(Invoer!$U$38:$U$57,MATCH(10,Invoer!$BG$38:$BG$57,0))="","",INDEX(Invoer!$U$38:$U$57,MATCH(10,Invoer!$BG$38:$BG$57,0))),"") | AB16: =IFERROR(IF(INDEX(Invoer!$V$38:$V$57,MATCH(10,Invoer!$BG$38:$BG$57,0))="","",INDEX(Invoer!$V$38:$V$57,MATCH(10,Invoer!$BG$38:$BG$57,0))),"") | AC16: =IFERROR(IF(INDEX(Invoer!$W$38:$W$57,MATCH(10,Invoer!$BG$38:$BG$57,0))="","",INDEX(Invoer!$W$38:$W$57,MATCH(10,Invoer!$BG$38:$BG$57,0))),"") | AE16: =IFERROR(N(INDEX(Invoer!$X$38:$X$57,MATCH(10,Invoer!$BG$38:$BG$57,0))),0) | AF16: =IFERROR(N(INDEX(Invoer!$Y$38:$Y$57,MATCH(10,Invoer!$BG$38:$BG$57,0))),0) | AG16: =IFERROR(N(INDEX(Invoer!$Z$38:$Z$57,MATCH(10,Invoer!$BG$38:$BG$57,0))),0) | AH16: =IFERROR(N(INDEX(Invoer!$AA$38:$AA$57,MATCH(10,Invoer!$BG$38:$BG$57,0))),0) | AI16: =IFERROR(N(INDEX(Invoer!$AB$38:$AB$57,MATCH(10,Invoer!$BG$38:$BG$57,0))),0) | AJ16: =IFERROR(N(INDEX(Invoer!$AC$38:$AC$57,MATCH(10,Invoer!$BG$38:$BG$57,0))),0) | AL16: =IFERROR(N(INDEX(Invoer!$BC$38:$BC$57,MATCH(10,Invoer!$BG$38:$BG$57,0))),0) | AN16: =IFERROR(N(INDEX(Invoer!$BD$38:$BD$57,MATCH(10,Invoer!$BG$38:$BG$57,0))),0) | AP16: =IFERROR(N(INDEX(Invoer!$AD$38:$AD$57,MATCH(10,Invoer!$BG$38:$BG$57,0))),0) | AR16: =(IF(X16<>"",(utwd*(IF(ISNUMBER(AE16),AE16,0))+uttd*(IF(ISNUMBER(AF16),AF16,0))+utsb*(IF(ISNUMBER(AG16),AG16,0))+utrw*(IF(ISNUMBER(AH16),AH16,0))+utd*(IF(ISNUMBER(AI16),AI16,0))+_ut3*(IF(ISNUMBER(AJ16),AJ16,0)) +(IF(ISNUMBER(AP16),AP16,0)))*(IF(Y16="j",1,IF(Y16="m",12,IF(Y16="w",52,IF(Y16="d",365,0)))))/X16,0))*L16 | AT16: =IFERROR(N(INDEX(Invoer!$AJ$38:$AJ$57,MATCH(10,Invoer!$BG$38:$BG$57,0))),0) | AV16: =IFERROR(IF(INDEX(Invoer!$BE$38:$BE$57,MATCH(10,Invoer!$BG$38:$BG$57,0))="","",INDEX(Invoer!$BE$38:$BE$57,MATCH(10,Invoer!$BG$38:$BG$57,0))),"") | AY16: =IF(ISBLANK(AX16),0,(IF(X16<>"",(utwd*(IF(ISNUMBER(AE16),AE16,0))+uttd*(IF(ISNUMBER(AF16),AF16,0))+utsb*(IF(ISNUMBER(AG16),AG16,0))+utrw*(IF(ISNUMBER(AH16),AH16,0))+utd*(IF(ISNUMBER(AI16),AI16,0))+_ut3*(IF(ISNUMBER(AJ16),AJ16,0)) +(IF(ISNUMBER(AP16),AP16,0))),0))*L16) | BA16: =IF(ISBLANK(AZ16),0,(IF(X16<>"",(utwd*(IF(ISNUMBER(AE16),AE16,0))+uttd*(IF(ISNUMBER(AF16),AF16,0))+utsb*(IF(ISNUMBER(AG16),AG16,0))+utrw*(IF(ISNUMBER(AH16),AH16,0))+utd*(IF(ISNUMBER(AI16),AI16,0))+_ut3*(IF(ISNUMBER(AJ16),AJ16,0)) +(IF(ISNUMBER(AP16),AP16,0))),0))*L16) | BC16: =IF(ISBLANK(BB16),0,(IF(X16<>"",(utwd*(IF(ISNUMBER(AE16),AE16,0))+uttd*(IF(ISNUMBER(AF16),AF16,0))+utsb*(IF(ISNUMBER(AG16),AG16,0))+utrw*(IF(ISNUMBER(AH16),AH16,0))+utd*(IF(ISNUMBER(AI16),AI16,0))+_ut3*(IF(ISNUMBER(AJ16),AJ16,0)) +(IF(ISNUMBER(AP16),AP16,0))),0))*L16)
A17: =IFERROR(N(INDEX(Invoer!$B$38:$B$57,MATCH(11,Invoer!$BG$38:$BG$57,0))),0) | B17: =IFERROR(N(INDEX(Invoer!$C$38:$C$57,MATCH(11,Invoer!$BG$38:$BG$57,0))),0) | C17: =IFERROR(N(INDEX(Invoer!$D$38:$D$57,MATCH(11,Invoer!$BG$38:$BG$57,0))),0) | D17: =IFERROR(N(INDEX(Invoer!$E$38:$E$57,MATCH(11,Invoer!$BG$38:$BG$57,0))),0) | E17: =IFERROR(N(INDEX(Invoer!$F$38:$F$57,MATCH(11,Invoer!$BG$38:$BG$57,0))),0) | F17: =IFERROR(N(INDEX(Invoer!$G$38:$G$57,MATCH(11,Invoer!$BG$38:$BG$57,0))),0) | G17: =IFERROR(N(INDEX(Invoer!$H$38:$H$57,MATCH(11,Invoer!$BG$38:$BG$57,0))),0) | H17: =IFERROR(N(INDEX(Invoer!$I$38:$I$57,MATCH(11,Invoer!$BG$38:$BG$57,0))),0) | I17: =IFERROR(N(INDEX(Invoer!$J$38:$J$57,MATCH(11,Invoer!$BG$38:$BG$57,0))),0) | J17: =IFERROR(N(INDEX(Invoer!$K$38:$K$57,MATCH(11,Invoer!$BG$38:$BG$57,0))),0) | K17: =IFERROR(IF(INDEX(Invoer!$L$38:$L$57,MATCH(11,Invoer!$BG$38:$BG$57,0))="","",INDEX(Invoer!$L$38:$L$57,MATCH(11,Invoer!$BG$38:$BG$57,0))),"") | L17: =IFERROR(N(INDEX(Invoer!$M$38:$M$57,MATCH(11,Invoer!$BG$38:$BG$57,0))),0) | M17: =IFERROR(IF(INDEX(Invoer!$BK$38:$BK$57,MATCH(11,Invoer!$BG$38:$BG$57,0))="","",INDEX(Invoer!$BK$38:$BK$57,MATCH(11,Invoer!$BG$38:$BG$57,0))),"") | N17: =IFERROR(IF(INDEX(Invoer!$BL$38:$BL$57,MATCH(11,Invoer!$BG$38:$BG$57,0))="","",INDEX(Invoer!$BL$38:$BL$57,MATCH(11,Invoer!$BG$38:$BG$57,0))),"") | O17: =IFERROR(IF(INDEX(Invoer!$BM$38:$BM$57,MATCH(11,Invoer!$BG$38:$BG$57,0))="","",INDEX(Invoer!$BM$38:$BM$57,MATCH(11,Invoer!$BG$38:$BG$57,0))),"") | P17: =IFERROR(IF(INDEX(Invoer!$BN$38:$BN$57,MATCH(11,Invoer!$BG$38:$BG$57,0))="","",INDEX(Invoer!$BN$38:$BN$57,MATCH(11,Invoer!$BG$38:$BG$57,0))),"") | Q17: =IFERROR(IF(INDEX(Invoer!$BO$38:$BO$57,MATCH(11,Invoer!$BG$38:$BG$57,0))="","",INDEX(Invoer!$BO$38:$BO$57,MATCH(11,Invoer!$BG$38:$BG$57,0))),"") | R17: =IFERROR(IF(INDEX(Invoer!$BP$38:$BP$57,MATCH(11,Invoer!$BG$38:$BG$57,0))="","",INDEX(Invoer!$BP$38:$BP$57,MATCH(11,Invoer!$BG$38:$BG$57,0))),"") | T17: =IFERROR(IF(INDEX(Invoer!$Q$38:$Q$57,MATCH(11,Invoer!$BG$38:$BG$57,0))="","",INDEX(Invoer!$Q$38:$Q$57,MATCH(11,Invoer!$BG$38:$BG$57,0))),"") | V17: =IFERROR(IF(INDEX(Invoer!$R$38:$R$57,MATCH(11,Invoer!$BG$38:$BG$57,0))="","",INDEX(Invoer!$R$38:$R$57,MATCH(11,Invoer!$BG$38:$BG$57,0))),"") | X17: =IFERROR(IF(N(INDEX(Invoer!$BV$38:$BV$57,MATCH(11,Invoer!$BG$38:$BG$57,0)))=0,"",INDEX(Invoer!$BV$38:$BV$57,MATCH(11,Invoer!$BG$38:$BG$57,0))),"") | Y17: =IFERROR(IF(INDEX(Invoer!$T$38:$T$57,MATCH(11,Invoer!$BG$38:$BG$57,0))="","",INDEX(Invoer!$T$38:$T$57,MATCH(11,Invoer!$BG$38:$BG$57,0))),"") | AA17: =IFERROR(IF(INDEX(Invoer!$U$38:$U$57,MATCH(11,Invoer!$BG$38:$BG$57,0))="","",INDEX(Invoer!$U$38:$U$57,MATCH(11,Invoer!$BG$38:$BG$57,0))),"") | AB17: =IFERROR(IF(INDEX(Invoer!$V$38:$V$57,MATCH(11,Invoer!$BG$38:$BG$57,0))="","",INDEX(Invoer!$V$38:$V$57,MATCH(11,Invoer!$BG$38:$BG$57,0))),"") | AC17: =IFERROR(IF(INDEX(Invoer!$W$38:$W$57,MATCH(11,Invoer!$BG$38:$BG$57,0))="","",INDEX(Invoer!$W$38:$W$57,MATCH(11,Invoer!$BG$38:$BG$57,0))),"") | AE17: =IFERROR(N(INDEX(Invoer!$X$38:$X$57,MATCH(11,Invoer!$BG$38:$BG$57,0))),0) | AF17: =IFERROR(N(INDEX(Invoer!$Y$38:$Y$57,MATCH(11,Invoer!$BG$38:$BG$57,0))),0) | AG17: =IFERROR(N(INDEX(Invoer!$Z$38:$Z$57,MATCH(11,Invoer!$BG$38:$BG$57,0))),0) | AH17: =IFERROR(N(INDEX(Invoer!$AA$38:$AA$57,MATCH(11,Invoer!$BG$38:$BG$57,0))),0) | AI17: =IFERROR(N(INDEX(Invoer!$AB$38:$AB$57,MATCH(11,Invoer!$BG$38:$BG$57,0))),0) | AJ17: =IFERROR(N(INDEX(Invoer!$AC$38:$AC$57,MATCH(11,Invoer!$BG$38:$BG$57,0))),0) | AL17: =IFERROR(N(INDEX(Invoer!$BC$38:$BC$57,MATCH(11,Invoer!$BG$38:$BG$57,0))),0) | AN17: =IFERROR(N(INDEX(Invoer!$BD$38:$BD$57,MATCH(11,Invoer!$BG$38:$BG$57,0))),0) | AP17: =IFERROR(N(INDEX(Invoer!$AD$38:$AD$57,MATCH(11,Invoer!$BG$38:$BG$57,0))),0) | AR17: =(IF(X17<>"",(utwd*(IF(ISNUMBER(AE17),AE17,0))+uttd*(IF(ISNUMBER(AF17),AF17,0))+utsb*(IF(ISNUMBER(AG17),AG17,0))+utrw*(IF(ISNUMBER(AH17),AH17,0))+utd*(IF(ISNUMBER(AI17),AI17,0))+_ut3*(IF(ISNUMBER(AJ17),AJ17,0)) +(IF(ISNUMBER(AP17),AP17,0)))*(IF(Y17="j",1,IF(Y17="m",12,IF(Y17="w",52,IF(Y17="d",365,0)))))/X17,0))*L17 | AT17: =IFERROR(N(INDEX(Invoer!$AJ$38:$AJ$57,MATCH(11,Invoer!$BG$38:$BG$57,0))),0) | AV17: =IFERROR(IF(INDEX(Invoer!$BE$38:$BE$57,MATCH(11,Invoer!$BG$38:$BG$57,0))="","",INDEX(Invoer!$BE$38:$BE$57,MATCH(11,Invoer!$BG$38:$BG$57,0))),"") | AY17: =IF(ISBLANK(AX17),0,(IF(X17<>"",(utwd*(IF(ISNUMBER(AE17),AE17,0))+uttd*(IF(ISNUMBER(AF17),AF17,0))+utsb*(IF(ISNUMBER(AG17),AG17,0))+utrw*(IF(ISNUMBER(AH17),AH17,0))+utd*(IF(ISNUMBER(AI17),AI17,0))+_ut3*(IF(ISNUMBER(AJ17),AJ17,0)) +(IF(ISNUMBER(AP17),AP17,0))),0))*L17) | BA17: =IF(ISBLANK(AZ17),0,(IF(X17<>"",(utwd*(IF(ISNUMBER(AE17),AE17,0))+uttd*(IF(ISNUMBER(AF17),AF17,0))+utsb*(IF(ISNUMBER(AG17),AG17,0))+utrw*(IF(ISNUMBER(AH17),AH17,0))+utd*(IF(ISNUMBER(AI17),AI17,0))+_ut3*(IF(ISNUMBER(AJ17),AJ17,0)) +(IF(ISNUMBER(AP17),AP17,0))),0))*L17) | BC17: =IF(ISBLANK(BB17),0,(IF(X17<>"",(utwd*(IF(ISNUMBER(AE17),AE17,0))+uttd*(IF(ISNUMBER(AF17),AF17,0))+utsb*(IF(ISNUMBER(AG17),AG17,0))+utrw*(IF(ISNUMBER(AH17),AH17,0))+utd*(IF(ISNUMBER(AI17),AI17,0))+_ut3*(IF(ISNUMBER(AJ17),AJ17,0)) +(IF(ISNUMBER(AP17),AP17,0))),0))*L17)
AQ18: € | AR18: =SUM(AR7:AR17) | AV18: =TODAY() | AX18: € | AY18: =SUM(AY7:AY17) | BA18: =SUM(BA7:BA17) | BC18: =SUM(BC7:BC17)

Sheet TAO
A1: =PO!A1 | C1: =Algemeen!R4 | P1: Toestandsafhankelijke onderhoudstaken | AV1: Toestandsafhankelijke onderhoudstaken
M3: Aktie | T3: Freq. | W3: Uitvoering | AA3: tijd (uur)
A4: Deze lijst vult zichzelf vanuit het tabblad Invoer | K4: Fysieke decompositie | L4: Vermenigvuldigingsfactor onderhoudsactie | M4: Revisie | N4: Vervanging | P4: Omschrijving | R4: Taak-ID | T4: Aantal keren per | U4: d / w / m / j | W4: Voor verhuur | X4: Tijdens fietstocht | Y4: Alleen in groot onderhoud | AA4: Verhuurder | AB4: Huurder | AC4: Monteur | AD4: =Algemeen!AS13 | AE4: =Algemeen!AT13 | AF4: =Algemeen!AU13 | AH4: # man | AJ4: # man marinebedrijf/dienst | AL4: Vaste kosten | AN4: OH-kosten per jaar | AP4: Zoektijd (uur) | AQ4: Reparatietijd (uur) | AR4: Wachttijd (uur) | AT4: Verwachte doorlooptijd (uur) | AV4: Opmerkingen
AA5: =uurtarief_wd | AB5: 100 | AC5: 50 | AD5: 100 | AE5: 100 | AF5: 100
A7: =IFERROR(N(INDEX(Invoer!$B$38:$B$57,MATCH(1,Invoer!$BH$38:$BH$57,0))),0) | B7: =IFERROR(N(INDEX(Invoer!$C$38:$C$57,MATCH(1,Invoer!$BH$38:$BH$57,0))),0) | C7: =IFERROR(N(INDEX(Invoer!$D$38:$D$57,MATCH(1,Invoer!$BH$38:$BH$57,0))),0) | D7: =IFERROR(N(INDEX(Invoer!$E$38:$E$57,MATCH(1,Invoer!$BH$38:$BH$57,0))),0) | E7: =IFERROR(N(INDEX(Invoer!$F$38:$F$57,MATCH(1,Invoer!$BH$38:$BH$57,0))),0) | F7: =IFERROR(N(INDEX(Invoer!$G$38:$G$57,MATCH(1,Invoer!$BH$38:$BH$57,0))),0) | G7: =IFERROR(N(INDEX(Invoer!$H$38:$H$57,MATCH(1,Invoer!$BH$38:$BH$57,0))),0) | H7: =IFERROR(N(INDEX(Invoer!$I$38:$I$57,MATCH(1,Invoer!$BH$38:$BH$57,0))),0) | I7: =IFERROR(N(INDEX(Invoer!$J$38:$J$57,MATCH(1,Invoer!$BH$38:$BH$57,0))),0) | J7: =IFERROR(N(INDEX(Invoer!$K$38:$K$57,MATCH(1,Invoer!$BH$38:$BH$57,0))),0) | K7: =IFERROR(IF(INDEX(Invoer!$L$38:$L$57,MATCH(1,Invoer!$BH$38:$BH$57,0))="","",INDEX(Invoer!$L$38:$L$57,MATCH(1,Invoer!$BH$38:$BH$57,0))),"") | L7: =IFERROR(N(INDEX(Invoer!$M$38:$M$57,MATCH(1,Invoer!$BH$38:$BH$57,0))),0) | M7: =IFERROR(IF(INDEX(Invoer!$BQ$38:$BQ$57,MATCH(1,Invoer!$BH$38:$BH$57,0))="","",INDEX(Invoer!$BQ$38:$BQ$57,MATCH(1,Invoer!$BH$38:$BH$57,0))),"") | N7: =IFERROR(IF(INDEX(Invoer!$BR$38:$BR$57,MATCH(1,Invoer!$BH$38:$BH$57,0))="","",INDEX(Invoer!$BR$38:$BR$57,MATCH(1,Invoer!$BH$38:$BH$57,0))),"") | P7: =IFERROR(IF(INDEX(Invoer!$Q$38:$Q$57,MATCH(1,Invoer!$BH$38:$BH$57,0))="","",INDEX(Invoer!$Q$38:$Q$57,MATCH(1,Invoer!$BH$38:$BH$57,0))),"") | R7: =IFERROR(IF(INDEX(Invoer!$R$38:$R$57,MATCH(1,Invoer!$BH$38:$BH$57,0))="","",INDEX(Invoer!$R$38:$R$57,MATCH(1,Invoer!$BH$38:$BH$57,0))),"") | T7: =IFERROR(N(INDEX(Invoer!$S$38:$S$57,MATCH(1,Invoer!$BH$38:$BH$57,0))),0) | U7: =IFERROR(IF(INDEX(Invoer!$T$38:$T$57,MATCH(1,Invoer!$BH$38:$BH$57,0))="","",INDEX(Invoer!$T$38:$T$57,MATCH(1,Invoer!$BH$38:$BH$57,0))),"") | W7: =IFERROR(IF(INDEX(Invoer!$U$38:$U$57,MATCH(1,Invoer!$BH$38:$BH$57,0))="","",INDEX(Invoer!$U$38:$U$57,MATCH(1,Invoer!$BH$38:$BH$57,0))),"") | X7: =IFERROR(IF(INDEX(Invoer!$V$38:$V$57,MATCH(1,Invoer!$BH$38:$BH$57,0))="","",INDEX(Invoer!$V$38:$V$57,MATCH(1,Invoer!$BH$38:$BH$57,0))),"") | Y7: =IFERROR(IF(INDEX(Invoer!$W$38:$W$57,MATCH(1,Invoer!$BH$38:$BH$57,0))="","",INDEX(Invoer!$W$38:$W$57,MATCH(1,Invoer!$BH$38:$BH$57,0))),"") | AA7: =IFERROR(N(INDEX(Invoer!$X$38:$X$57,MATCH(1,Invoer!$BH$38:$BH$57,0))),0) | AB7: =IFERROR(N(INDEX(Invoer!$Y$38:$Y$57,MATCH(1,Invoer!$BH$38:$BH$57,0))),0) | AC7: =IFERROR(N(INDEX(Invoer!$Z$38:$Z$57,MATCH(1,Invoer!$BH$38:$BH$57,0))),0) | AD7: =IFERROR(N(INDEX(Invoer!$AA$38:$AA$57,MATCH(1,Invoer!$BH$38:$BH$57,0))),0) | AE7: =IFERROR(N(INDEX(Invoer!$AB$38:$AB$57,MATCH(1,Invoer!$BH$38:$BH$57,0))),0) | AF7: =IFERROR(N(INDEX(Invoer!$AC$38:$AC$57,MATCH(1,Invoer!$BH$38:$BH$57,0))),0) | AH7: =IFERROR(N(INDEX(Invoer!$BC$38:$BC$57,MATCH(1,Invoer!$BH$38:$BH$57,0))),0) | AJ7: =IFERROR(N(INDEX(Invoer!$BD$38:$BD$57,MATCH(1,Invoer!$BH$38:$BH$57,0))),0) | AL7: =IFERROR(N(INDEX(Invoer!$AD$38:$AD$57,MATCH(1,Invoer!$BH$38:$BH$57,0))),0) | AN7: =((($AA$5*(IF(ISNUMBER($AA7),$AA7,0))+$AB$5*(IF(ISNUMBER($AB7),$AB7,0))+$AC$5*(IF(ISNUMBER($AC7),$AC7,0))+$AD$5*(IF(ISNUMBER($AD7),$AD7,0))+$AE$5*(IF(ISNUMBER($AE7),$AE7,0))+$AF$5*(IF(ISNUMBER($AF7),$AF7,0)))+(IF(ISNUMBER($AL7),$AL7,0)))*(IF(U7="j",1,IF(U7="m",12,IF(U7="w",52,IF(U7="d",365,0)))))*T7)*L7 | AP7: =IFERROR(N(INDEX(Invoer!$AL$38:$AL$57,MATCH(1,Invoer!$BH$38:$BH$57,0))),0) | AQ7: =IFERROR(N(INDEX(Invoer!$AK$38:$AK$57,MATCH(1,Invoer!$BH$38:$BH$57,0))),0) | AR7: =IFERROR(N(INDEX(Invoer!$AP$38:$AP$57,MATCH(1,Invoer!$BH$38:$BH$57,0))),0) | AT7: =AP7+AQ7+AR7 | AV7: =IFERROR(IF(INDEX(Invoer!$BE$38:$BE$57,MATCH(1,Invoer!$BH$38:$BH$57,0))="","",INDEX(Invoer!$BE$38:$BE$57,MATCH(1,Invoer!$BH$38:$BH$57,0))),"")
A8: =IFERROR(N(INDEX(Invoer!$B$38:$B$57,MATCH(2,Invoer!$BH$38:$BH$57,0))),0) | B8: =IFERROR(N(INDEX(Invoer!$C$38:$C$57,MATCH(2,Invoer!$BH$38:$BH$57,0))),0) | C8: =IFERROR(N(INDEX(Invoer!$D$38:$D$57,MATCH(2,Invoer!$BH$38:$BH$57,0))),0) | D8: =IFERROR(N(INDEX(Invoer!$E$38:$E$57,MATCH(2,Invoer!$BH$38:$BH$57,0))),0) | E8: =IFERROR(N(INDEX(Invoer!$F$38:$F$57,MATCH(2,Invoer!$BH$38:$BH$57,0))),0) | F8: =IFERROR(N(INDEX(Invoer!$G$38:$G$57,MATCH(2,Invoer!$BH$38:$BH$57,0))),0) | G8: =IFERROR(N(INDEX(Invoer!$H$38:$H$57,MATCH(2,Invoer!$BH$38:$BH$57,0))),0) | H8: =IFERROR(N(INDEX(Invoer!$I$38:$I$57,MATCH(2,Invoer!$BH$38:$BH$57,0))),0) | I8: =IFERROR(N(INDEX(Invoer!$J$38:$J$57,MATCH(2,Invoer!$BH$38:$BH$57,0))),0) | J8: =IFERROR(N(INDEX(Invoer!$K$38:$K$57,MATCH(2,Invoer!$BH$38:$BH$57,0))),0) | K8: =IFERROR(IF(INDEX(Invoer!$L$38:$L$57,MATCH(2,Invoer!$BH$38:$BH$57,0))="","",INDEX(Invoer!$L$38:$L$57,MATCH(2,Invoer!$BH$38:$BH$57,0))),"") | L8: =IFERROR(N(INDEX(Invoer!$M$38:$M$57,MATCH(2,Invoer!$BH$38:$BH$57,0))),0) | M8: =IFERROR(IF(INDEX(Invoer!$BQ$38:$BQ$57,MATCH(2,Invoer!$BH$38:$BH$57,0))="","",INDEX(Invoer!$BQ$38:$BQ$57,MATCH(2,Invoer!$BH$38:$BH$57,0))),"") | N8: =IFERROR(IF(INDEX(Invoer!$BR$38:$BR$57,MATCH(2,Invoer!$BH$38:$BH$57,0))="","",INDEX(Invoer!$BR$38:$BR$57,MATCH(2,Invoer!$BH$38:$BH$57,0))),"") | P8: =IFERROR(IF(INDEX(Invoer!$Q$38:$Q$57,MATCH(2,Invoer!$BH$38:$BH$57,0))="","",INDEX(Invoer!$Q$38:$Q$57,MATCH(2,Invoer!$BH$38:$BH$57,0))),"") | R8: =IFERROR(IF(INDEX(Invoer!$R$38:$R$57,MATCH(2,Invoer!$BH$38:$BH$57,0))="","",INDEX(Invoer!$R$38:$R$57,MATCH(2,Invoer!$BH$38:$BH$57,0))),"") | T8: =IFERROR(N(INDEX(Invoer!$S$38:$S$57,MATCH(2,Invoer!$BH$38:$BH$57,0))),0) | U8: =IFERROR(IF(INDEX(Invoer!$T$38:$T$57,MATCH(2,Invoer!$BH$38:$BH$57,0))="","",INDEX(Invoer!$T$38:$T$57,MATCH(2,Invoer!$BH$38:$BH$57,0))),"") | W8: =IFERROR(IF(INDEX(Invoer!$U$38:$U$57,MATCH(2,Invoer!$BH$38:$BH$57,0))="","",INDEX(Invoer!$U$38:$U$57,MATCH(2,Invoer!$BH$38:$BH$57,0))),"") | X8: =IFERROR(IF(INDEX(Invoer!$V$38:$V$57,MATCH(2,Invoer!$BH$38:$BH$57,0))="","",INDEX(Invoer!$V$38:$V$57,MATCH(2,Invoer!$BH$38:$BH$57,0))),"") | Y8: =IFERROR(IF(INDEX(Invoer!$W$38:$W$57,MATCH(2,Invoer!$BH$38:$BH$57,0))="","",INDEX(Invoer!$W$38:$W$57,MATCH(2,Invoer!$BH$38:$BH$57,0))),"") | AA8: =IFERROR(N(INDEX(Invoer!$X$38:$X$57,MATCH(2,Invoer!$BH$38:$BH$57,0))),0) | AB8: =IFERROR(N(INDEX(Invoer!$Y$38:$Y$57,MATCH(2,Invoer!$BH$38:$BH$57,0))),0) | AC8: =IFERROR(N(INDEX(Invoer!$Z$38:$Z$57,MATCH(2,Invoer!$BH$38:$BH$57,0))),0) | AD8: =IFERROR(N(INDEX(Invoer!$AA$38:$AA$57,MATCH(2,Invoer!$BH$38:$BH$57,0))),0) | AE8: =IFERROR(N(INDEX(Invoer!$AB$38:$AB$57,MATCH(2,Invoer!$BH$38:$BH$57,0))),0) | AF8: =IFERROR(N(INDEX(Invoer!$AC$38:$AC$57,MATCH(2,Invoer!$BH$38:$BH$57,0))),0) | AH8: =IFERROR(N(INDEX(Invoer!$BC$38:$BC$57,MATCH(2,Invoer!$BH$38:$BH$57,0))),0) | AJ8: =IFERROR(N(INDEX(Invoer!$BD$38:$BD$57,MATCH(2,Invoer!$BH$38:$BH$57,0))),0) | AL8: =IFERROR(N(INDEX(Invoer!$AD$38:$AD$57,MATCH(2,Invoer!$BH$38:$BH$57,0))),0) | AN8: =((($AA$5*(IF(ISNUMBER($AA8),$AA8,0))+$AB$5*(IF(ISNUMBER($AB8),$AB8,0))+$AC$5*(IF(ISNUMBER($AC8),$AC8,0))+$AD$5*(IF(ISNUMBER($AD8),$AD8,0))+$AE$5*(IF(ISNUMBER($AE8),$AE8,0))+$AF$5*(IF(ISNUMBER($AF8),$AF8,0)))+(IF(ISNUMBER($AL8),$AL8,0)))*(IF(U8="j",1,IF(U8="m",12,IF(U8="w",52,IF(U8="d",365,0)))))*T8)*L8 | AP8: =IFERROR(N(INDEX(Invoer!$AL$38:$AL$57,MATCH(2,Invoer!$BH$38:$BH$57,0))),0) | AQ8: =IFERROR(N(INDEX(Invoer!$AK$38:$AK$57,MATCH(2,Invoer!$BH$38:$BH$57,0))),0) | AR8: =IFERROR(N(INDEX(Invoer!$AP$38:$AP$57,MATCH(2,Invoer!$BH$38:$BH$57,0))),0) | AT8: =AP8+AQ8+AR8 | AV8: =IFERROR(IF(INDEX(Invoer!$BE$38:$BE$57,MATCH(2,Invoer!$BH$38:$BH$57,0))="","",INDEX(Invoer!$BE$38:$BE$57,MATCH(2,Invoer!$BH$38:$BH$57,0))),"")
A9: =IFERROR(N(INDEX(Invoer!$B$38:$B$57,MATCH(3,Invoer!$BH$38:$BH$57,0))),0) | B9: =IFERROR(N(INDEX(Invoer!$C$38:$C$57,MATCH(3,Invoer!$BH$38:$BH$57,0))),0) | C9: =IFERROR(N(INDEX(Invoer!$D$38:$D$57,MATCH(3,Invoer!$BH$38:$BH$57,0))),0) | D9: =IFERROR(N(INDEX(Invoer!$E$38:$E$57,MATCH(3,Invoer!$BH$38:$BH$57,0))),0) | E9: =IFERROR(N(INDEX(Invoer!$F$38:$F$57,MATCH(3,Invoer!$BH$38:$BH$57,0))),0) | F9: =IFERROR(N(INDEX(Invoer!$G$38:$G$57,MATCH(3,Invoer!$BH$38:$BH$57,0))),0) | G9: =IFERROR(N(INDEX(Invoer!$H$38:$H$57,MATCH(3,Invoer!$BH$38:$BH$57,0))),0) | H9: =IFERROR(N(INDEX(Invoer!$I$38:$I$57,MATCH(3,Invoer!$BH$38:$BH$57,0))),0) | I9: =IFERROR(N(INDEX(Invoer!$J$38:$J$57,MATCH(3,Invoer!$BH$38:$BH$57,0))),0) | J9: =IFERROR(N(INDEX(Invoer!$K$38:$K$57,MATCH(3,Invoer!$BH$38:$BH$57,0))),0) | K9: =IFERROR(IF(INDEX(Invoer!$L$38:$L$57,MATCH(3,Invoer!$BH$38:$BH$57,0))="","",INDEX(Invoer!$L$38:$L$57,MATCH(3,Invoer!$BH$38:$BH$57,0))),"") | L9: =IFERROR(N(INDEX(Invoer!$M$38:$M$57,MATCH(3,Invoer!$BH$38:$BH$57,0))),0) | M9: =IFERROR(IF(INDEX(Invoer!$BQ$38:$BQ$57,MATCH(3,Invoer!$BH$38:$BH$57,0))="","",INDEX(Invoer!$BQ$38:$BQ$57,MATCH(3,Invoer!$BH$38:$BH$57,0))),"") | N9: =IFERROR(IF(INDEX(Invoer!$BR$38:$BR$57,MATCH(3,Invoer!$BH$38:$BH$57,0))="","",INDEX(Invoer!$BR$38:$BR$57,MATCH(3,Invoer!$BH$38:$BH$57,0))),"") | P9: =IFERROR(IF(INDEX(Invoer!$Q$38:$Q$57,MATCH(3,Invoer!$BH$38:$BH$57,0))="","",INDEX(Invoer!$Q$38:$Q$57,MATCH(3,Invoer!$BH$38:$BH$57,0))),"") | R9: =IFERROR(IF(INDEX(Invoer!$R$38:$R$57,MATCH(3,Invoer!$BH$38:$BH$57,0))="","",INDEX(Invoer!$R$38:$R$57,MATCH(3,Invoer!$BH$38:$BH$57,0))),"") | T9: =IFERROR(N(INDEX(Invoer!$S$38:$S$57,MATCH(3,Invoer!$BH$38:$BH$57,0))),0) | U9: =IFERROR(IF(INDEX(Invoer!$T$38:$T$57,MATCH(3,Invoer!$BH$38:$BH$57,0))="","",INDEX(Invoer!$T$38:$T$57,MATCH(3,Invoer!$BH$38:$BH$57,0))),"") | W9: =IFERROR(IF(INDEX(Invoer!$U$38:$U$57,MATCH(3,Invoer!$BH$38:$BH$57,0))="","",INDEX(Invoer!$U$38:$U$57,MATCH(3,Invoer!$BH$38:$BH$57,0))),"") | X9: =IFERROR(IF(INDEX(Invoer!$V$38:$V$57,MATCH(3,Invoer!$BH$38:$BH$57,0))="","",INDEX(Invoer!$V$38:$V$57,MATCH(3,Invoer!$BH$38:$BH$57,0))),"") | Y9: =IFERROR(IF(INDEX(Invoer!$W$38:$W$57,MATCH(3,Invoer!$BH$38:$BH$57,0))="","",INDEX(Invoer!$W$38:$W$57,MATCH(3,Invoer!$BH$38:$BH$57,0))),"") | AA9: =IFERROR(N(INDEX(Invoer!$X$38:$X$57,MATCH(3,Invoer!$BH$38:$BH$57,0))),0) | AB9: =IFERROR(N(INDEX(Invoer!$Y$38:$Y$57,MATCH(3,Invoer!$BH$38:$BH$57,0))),0) | AC9: =IFERROR(N(INDEX(Invoer!$Z$38:$Z$57,MATCH(3,Invoer!$BH$38:$BH$57,0))),0) | AD9: =IFERROR(N(INDEX(Invoer!$AA$38:$AA$57,MATCH(3,Invoer!$BH$38:$BH$57,0))),0) | AE9: =IFERROR(N(INDEX(Invoer!$AB$38:$AB$57,MATCH(3,Invoer!$BH$38:$BH$57,0))),0) | AF9: =IFERROR(N(INDEX(Invoer!$AC$38:$AC$57,MATCH(3,Invoer!$BH$38:$BH$57,0))),0) | AH9: =IFERROR(N(INDEX(Invoer!$BC$38:$BC$57,MATCH(3,Invoer!$BH$38:$BH$57,0))),0) | AJ9: =IFERROR(N(INDEX(Invoer!$BD$38:$BD$57,MATCH(3,Invoer!$BH$38:$BH$57,0))),0) | AL9: =IFERROR(N(INDEX(Invoer!$AD$38:$AD$57,MATCH(3,Invoer!$BH$38:$BH$57,0))),0) | AN9: =((($AA$5*(IF(ISNUMBER($AA9),$AA9,0))+$AB$5*(IF(ISNUMBER($AB9),$AB9,0))+$AC$5*(IF(ISNUMBER($AC9),$AC9,0))+$AD$5*(IF(ISNUMBER($AD9),$AD9,0))+$AE$5*(IF(ISNUMBER($AE9),$AE9,0))+$AF$5*(IF(ISNUMBER($AF9),$AF9,0)))+(IF(ISNUMBER($AL9),$AL9,0)))*(IF(U9="j",1,IF(U9="m",12,IF(U9="w",52,IF(U9="d",365,0)))))*T9)*L9 | AP9: =IFERROR(N(INDEX(Invoer!$AL$38:$AL$57,MATCH(3,Invoer!$BH$38:$BH$57,0))),0) | AQ9: =IFERROR(N(INDEX(Invoer!$AK$38:$AK$57,MATCH(3,Invoer!$BH$38:$BH$57,0))),0) | AR9: =IFERROR(N(INDEX(Invoer!$AP$38:$AP$57,MATCH(3,Invoer!$BH$38:$BH$57,0))),0) | AT9: =AP9+AQ9+AR9 | AV9: =IFERROR(IF(INDEX(Invoer!$BE$38:$BE$57,MATCH(3,Invoer!$BH$38:$BH$57,0))="","",INDEX(Invoer!$BE$38:$BE$57,MATCH(3,Invoer!$BH$38:$BH$57,0))),"")
A10: =IFERROR(N(INDEX(Invoer!$B$38:$B$57,MATCH(4,Invoer!$BH$38:$BH$57,0))),0) | B10: =IFERROR(N(INDEX(Invoer!$C$38:$C$57,MATCH(4,Invoer!$BH$38:$BH$57,0))),0) | C10: =IFERROR(N(INDEX(Invoer!$D$38:$D$57,MATCH(4,Invoer!$BH$38:$BH$57,0))),0) | D10: =IFERROR(N(INDEX(Invoer!$E$38:$E$57,MATCH(4,Invoer!$BH$38:$BH$57,0))),0) | E10: =IFERROR(N(INDEX(Invoer!$F$38:$F$57,MATCH(4,Invoer!$BH$38:$BH$57,0))),0) | F10: =IFERROR(N(INDEX(Invoer!$G$38:$G$57,MATCH(4,Invoer!$BH$38:$BH$57,0))),0) | G10: =IFERROR(N(INDEX(Invoer!$H$38:$H$57,MATCH(4,Invoer!$BH$38:$BH$57,0))),0) | H10: =IFERROR(N(INDEX(Invoer!$I$38:$I$57,MATCH(4,Invoer!$BH$38:$BH$57,0))),0) | I10: =IFERROR(N(INDEX(Invoer!$J$38:$J$57,MATCH(4,Invoer!$BH$38:$BH$57,0))),0) | J10: =IFERROR(N(INDEX(Invoer!$K$38:$K$57,MATCH(4,Invoer!$BH$38:$BH$57,0))),0) | K10: =IFERROR(IF(INDEX(Invoer!$L$38:$L$57,MATCH(4,Invoer!$BH$38:$BH$57,0))="","",INDEX(Invoer!$L$38:$L$57,MATCH(4,Invoer!$BH$38:$BH$57,0))),"") | L10: =IFERROR(N(INDEX(Invoer!$M$38:$M$57,MATCH(4,Invoer!$BH$38:$BH$57,0))),0) | M10: =IFERROR(IF(INDEX(Invoer!$BQ$38:$BQ$57,MATCH(4,Invoer!$BH$38:$BH$57,0))="","",INDEX(Invoer!$BQ$38:$BQ$57,MATCH(4,Invoer!$BH$38:$BH$57,0))),"") | N10: =IFERROR(IF(INDEX(Invoer!$BR$38:$BR$57,MATCH(4,Invoer!$BH$38:$BH$57,0))="","",INDEX(Invoer!$BR$38:$BR$57,MATCH(4,Invoer!$BH$38:$BH$57,0))),"") | P10: =IFERROR(IF(INDEX(Invoer!$Q$38:$Q$57,MATCH(4,Invoer!$BH$38:$BH$57,0))="","",INDEX(Invoer!$Q$38:$Q$57,MATCH(4,Invoer!$BH$38:$BH$57,0))),"") | R10: =IFERROR(IF(INDEX(Invoer!$R$38:$R$57,MATCH(4,Invoer!$BH$38:$BH$57,0))="","",INDEX(Invoer!$R$38:$R$57,MATCH(4,Invoer!$BH$38:$BH$57,0))),"") | T10: =IFERROR(N(INDEX(Invoer!$S$38:$S$57,MATCH(4,Invoer!$BH$38:$BH$57,0))),0) | U10: =IFERROR(IF(INDEX(Invoer!$T$38:$T$57,MATCH(4,Invoer!$BH$38:$BH$57,0))="","",INDEX(Invoer!$T$38:$T$57,MATCH(4,Invoer!$BH$38:$BH$57,0))),"") | W10: =IFERROR(IF(INDEX(Invoer!$U$38:$U$57,MATCH(4,Invoer!$BH$38:$BH$57,0))="","",INDEX(Invoer!$U$38:$U$57,MATCH(4,Invoer!$BH$38:$BH$57,0))),"") | X10: =IFERROR(IF(INDEX(Invoer!$V$38:$V$57,MATCH(4,Invoer!$BH$38:$BH$57,0))="","",INDEX(Invoer!$V$38:$V$57,MATCH(4,Invoer!$BH$38:$BH$57,0))),"") | Y10: =IFERROR(IF(INDEX(Invoer!$W$38:$W$57,MATCH(4,Invoer!$BH$38:$BH$57,0))="","",INDEX(Invoer!$W$38:$W$57,MATCH(4,Invoer!$BH$38:$BH$57,0))),"") | AA10: =IFERROR(N(INDEX(Invoer!$X$38:$X$57,MATCH(4,Invoer!$BH$38:$BH$57,0))),0) | AB10: =IFERROR(N(INDEX(Invoer!$Y$38:$Y$57,MATCH(4,Invoer!$BH$38:$BH$57,0))),0) | AC10: =IFERROR(N(INDEX(Invoer!$Z$38:$Z$57,MATCH(4,Invoer!$BH$38:$BH$57,0))),0) | AD10: =IFERROR(N(INDEX(Invoer!$AA$38:$AA$57,MATCH(4,Invoer!$BH$38:$BH$57,0))),0) | AE10: =IFERROR(N(INDEX(Invoer!$AB$38:$AB$57,MATCH(4,Invoer!$BH$38:$BH$57,0))),0) | AF10: =IFERROR(N(INDEX(Invoer!$AC$38:$AC$57,MATCH(4,Invoer!$BH$38:$BH$57,0))),0) | AH10: =IFERROR(N(INDEX(Invoer!$BC$38:$BC$57,MATCH(4,Invoer!$BH$38:$BH$57,0))),0) | AJ10: =IFERROR(N(INDEX(Invoer!$BD$38:$BD$57,MATCH(4,Invoer!$BH$38:$BH$57,0))),0) | AL10: =IFERROR(N(INDEX(Invoer!$AD$38:$AD$57,MATCH(4,Invoer!$BH$38:$BH$57,0))),0) | AN10: =((($AA$5*(IF(ISNUMBER($AA10),$AA10,0))+$AB$5*(IF(ISNUMBER($AB10),$AB10,0))+$AC$5*(IF(ISNUMBER($AC10),$AC10,0))+$AD$5*(IF(ISNUMBER($AD10),$AD10,0))+$AE$5*(IF(ISNUMBER($AE10),$AE10,0))+$AF$5*(IF(ISNUMBER($AF10),$AF10,0)))+(IF(ISNUMBER($AL10),$AL10,0)))*(IF(U10="j",1,IF(U10="m",12,IF(U10="w",52,IF(U10="d",365,0)))))*T10)*L10 | AP10: =IFERROR(N(INDEX(Invoer!$AL$38:$AL$57,MATCH(4,Invoer!$BH$38:$BH$57,0))),0) | AQ10: =IFERROR(N(INDEX(Invoer!$AK$38:$AK$57,MATCH(4,Invoer!$BH$38:$BH$57,0))),0) | AR10: =IFERROR(N(INDEX(Invoer!$AP$38:$AP$57,MATCH(4,Invoer!$BH$38:$BH$57,0))),0) | AT10: =AP10+AQ10+AR10 | AV10: =IFERROR(IF(INDEX(Invoer!$BE$38:$BE$57,MATCH(4,Invoer!$BH$38:$BH$57,0))="","",INDEX(Invoer!$BE$38:$BE$57,MATCH(4,Invoer!$BH$38:$BH$57,0))),"")
A11: =IFERROR(N(INDEX(Invoer!$B$38:$B$57,MATCH(5,Invoer!$BH$38:$BH$57,0))),0) | B11: =IFERROR(N(INDEX(Invoer!$C$38:$C$57,MATCH(5,Invoer!$BH$38:$BH$57,0))),0) | C11: =IFERROR(N(INDEX(Invoer!$D$38:$D$57,MATCH(5,Invoer!$BH$38:$BH$57,0))),0) | D11: =IFERROR(N(INDEX(Invoer!$E$38:$E$57,MATCH(5,Invoer!$BH$38:$BH$57,0))),0) | E11: =IFERROR(N(INDEX(Invoer!$F$38:$F$57,MATCH(5,Invoer!$BH$38:$BH$57,0))),0) | F11: =IFERROR(N(INDEX(Invoer!$G$38:$G$57,MATCH(5,Invoer!$BH$38:$BH$57,0))),0) | G11: =IFERROR(N(INDEX(Invoer!$H$38:$H$57,MATCH(5,Invoer!$BH$38:$BH$57,0))),0) | H11: =IFERROR(N(INDEX(Invoer!$I$38:$I$57,MATCH(5,Invoer!$BH$38:$BH$57,0))),0) | I11: =IFERROR(N(INDEX(Invoer!$J$38:$J$57,MATCH(5,Invoer!$BH$38:$BH$57,0))),0) | J11: =IFERROR(N(INDEX(Invoer!$K$38:$K$57,MATCH(5,Invoer!$BH$38:$BH$57,0))),0) | K11: =IFERROR(IF(INDEX(Invoer!$L$38:$L$57,MATCH(5,Invoer!$BH$38:$BH$57,0))="","",INDEX(Invoer!$L$38:$L$57,MATCH(5,Invoer!$BH$38:$BH$57,0))),"") | L11: =IFERROR(N(INDEX(Invoer!$M$38:$M$57,MATCH(5,Invoer!$BH$38:$BH$57,0))),0) | M11: =IFERROR(IF(INDEX(Invoer!$BQ$38:$BQ$57,MATCH(5,Invoer!$BH$38:$BH$57,0))="","",INDEX(Invoer!$BQ$38:$BQ$57,MATCH(5,Invoer!$BH$38:$BH$57,0))),"") | N11: =IFERROR(IF(INDEX(Invoer!$BR$38:$BR$57,MATCH(5,Invoer!$BH$38:$BH$57,0))="","",INDEX(Invoer!$BR$38:$BR$57,MATCH(5,Invoer!$BH$38:$BH$57,0))),"") | P11: =IFERROR(IF(INDEX(Invoer!$Q$38:$Q$57,MATCH(5,Invoer!$BH$38:$BH$57,0))="","",INDEX(Invoer!$Q$38:$Q$57,MATCH(5,Invoer!$BH$38:$BH$57,0))),"") | R11: =IFERROR(IF(INDEX(Invoer!$R$38:$R$57,MATCH(5,Invoer!$BH$38:$BH$57,0))="","",INDEX(Invoer!$R$38:$R$57,MATCH(5,Invoer!$BH$38:$BH$57,0))),"") | T11: =IFERROR(N(INDEX(Invoer!$S$38:$S$57,MATCH(5,Invoer!$BH$38:$BH$57,0))),0) | U11: =IFERROR(IF(INDEX(Invoer!$T$38:$T$57,MATCH(5,Invoer!$BH$38:$BH$57,0))="","",INDEX(Invoer!$T$38:$T$57,MATCH(5,Invoer!$BH$38:$BH$57,0))),"") | W11: =IFERROR(IF(INDEX(Invoer!$U$38:$U$57,MATCH(5,Invoer!$BH$38:$BH$57,0))="","",INDEX(Invoer!$U$38:$U$57,MATCH(5,Invoer!$BH$38:$BH$57,0))),"") | X11: =IFERROR(IF(INDEX(Invoer!$V$38:$V$57,MATCH(5,Invoer!$BH$38:$BH$57,0))="","",INDEX(Invoer!$V$38:$V$57,MATCH(5,Invoer!$BH$38:$BH$57,0))),"") | Y11: =IFERROR(IF(INDEX(Invoer!$W$38:$W$57,MATCH(5,Invoer!$BH$38:$BH$57,0))="","",INDEX(Invoer!$W$38:$W$57,MATCH(5,Invoer!$BH$38:$BH$57,0))),"") | AA11: =IFERROR(N(INDEX(Invoer!$X$38:$X$57,MATCH(5,Invoer!$BH$38:$BH$57,0))),0) | AB11: =IFERROR(N(INDEX(Invoer!$Y$38:$Y$57,MATCH(5,Invoer!$BH$38:$BH$57,0))),0) | AC11: =IFERROR(N(INDEX(Invoer!$Z$38:$Z$57,MATCH(5,Invoer!$BH$38:$BH$57,0))),0) | AD11: =IFERROR(N(INDEX(Invoer!$AA$38:$AA$57,MATCH(5,Invoer!$BH$38:$BH$57,0))),0) | AE11: =IFERROR(N(INDEX(Invoer!$AB$38:$AB$57,MATCH(5,Invoer!$BH$38:$BH$57,0))),0) | AF11: =IFERROR(N(INDEX(Invoer!$AC$38:$AC$57,MATCH(5,Invoer!$BH$38:$BH$57,0))),0) | AH11: =IFERROR(N(INDEX(Invoer!$BC$38:$BC$57,MATCH(5,Invoer!$BH$38:$BH$57,0))),0) | AJ11: =IFERROR(N(INDEX(Invoer!$BD$38:$BD$57,MATCH(5,Invoer!$BH$38:$BH$57,0))),0) | AL11: =IFERROR(N(INDEX(Invoer!$AD$38:$AD$57,MATCH(5,Invoer!$BH$38:$BH$57,0))),0) | AN11: =((($AA$5*(IF(ISNUMBER($AA11),$AA11,0))+$AB$5*(IF(ISNUMBER($AB11),$AB11,0))+$AC$5*(IF(ISNUMBER($AC11),$AC11,0))+$AD$5*(IF(ISNUMBER($AD11),$AD11,0))+$AE$5*(IF(ISNUMBER($AE11),$AE11,0))+$AF$5*(IF(ISNUMBER($AF11),$AF11,0)))+(IF(ISNUMBER($AL11),$AL11,0)))*(IF(U11="j",1,IF(U11="m",12,IF(U11="w",52,IF(U11="d",365,0)))))*T11)*L11 | AP11: =IFERROR(N(INDEX(Invoer!$AL$38:$AL$57,MATCH(5,Invoer!$BH$38:$BH$57,0))),0) | AQ11: =IFERROR(N(INDEX(Invoer!$AK$38:$AK$57,MATCH(5,Invoer!$BH$38:$BH$57,0))),0) | AR11: =IFERROR(N(INDEX(Invoer!$AP$38:$AP$57,MATCH(5,Invoer!$BH$38:$BH$57,0))),0) | AT11: =AP11+AQ11+AR11 | AV11: =IFERROR(IF(INDEX(Invoer!$BE$38:$BE$57,MATCH(5,Invoer!$BH$38:$BH$57,0))="","",INDEX(Invoer!$BE$38:$BE$57,MATCH(5,Invoer!$BH$38:$BH$57,0))),"")
A12: =IFERROR(N(INDEX(Invoer!$B$38:$B$57,MATCH(6,Invoer!$BH$38:$BH$57,0))),0) | B12: =IFERROR(N(INDEX(Invoer!$C$38:$C$57,MATCH(6,Invoer!$BH$38:$BH$57,0))),0) | C12: =IFERROR(N(INDEX(Invoer!$D$38:$D$57,MATCH(6,Invoer!$BH$38:$BH$57,0))),0) | D12: =IFERROR(N(INDEX(Invoer!$E$38:$E$57,MATCH(6,Invoer!$BH$38:$BH$57,0))),0) | E12: =IFERROR(N(INDEX(Invoer!$F$38:$F$57,MATCH(6,Invoer!$BH$38:$BH$57,0))),0) | F12: =IFERROR(N(INDEX(Invoer!$G$38:$G$57,MATCH(6,Invoer!$BH$38:$BH$57,0))),0) | G12: =IFERROR(N(INDEX(Invoer!$H$38:$H$57,MATCH(6,Invoer!$BH$38:$BH$57,0))),0) | H12: =IFERROR(N(INDEX(Invoer!$I$38:$I$57,MATCH(6,Invoer!$BH$38:$BH$57,0))),0) | I12: =IFERROR(N(INDEX(Invoer!$J$38:$J$57,MATCH(6,Invoer!$BH$38:$BH$57,0))),0) | J12: =IFERROR(N(INDEX(Invoer!$K$38:$K$57,MATCH(6,Invoer!$BH$38:$BH$57,0))),0) | K12: =IFERROR(IF(INDEX(Invoer!$L$38:$L$57,MATCH(6,Invoer!$BH$38:$BH$57,0))="","",INDEX(Invoer!$L$38:$L$57,MATCH(6,Invoer!$BH$38:$BH$57,0))),"") | L12: =IFERROR(N(INDEX(Invoer!$M$38:$M$57,MATCH(6,Invoer!$BH$38:$BH$57,0))),0) | M12: =IFERROR(IF(INDEX(Invoer!$BQ$38:$BQ$57,MATCH(6,Invoer!$BH$38:$BH$57,0))="","",INDEX(Invoer!$BQ$38:$BQ$57,MATCH(6,Invoer!$BH$38:$BH$57,0))),"") | N12: =IFERROR(IF(INDEX(Invoer!$BR$38:$BR$57,MATCH(6,Invoer!$BH$38:$BH$57,0))="","",INDEX(Invoer!$BR$38:$BR$57,MATCH(6,Invoer!$BH$38:$BH$57,0))),"") | P12: =IFERROR(IF(INDEX(Invoer!$Q$38:$Q$57,MATCH(6,Invoer!$BH$38:$BH$57,0))="","",INDEX(Invoer!$Q$38:$Q$57,MATCH(6,Invoer!$BH$38:$BH$57,0))),"") | R12: =IFERROR(IF(INDEX(Invoer!$R$38:$R$57,MATCH(6,Invoer!$BH$38:$BH$57,0))="","",INDEX(Invoer!$R$38:$R$57,MATCH(6,Invoer!$BH$38:$BH$57,0))),"") | T12: =IFERROR(N(INDEX(Invoer!$S$38:$S$57,MATCH(6,Invoer!$BH$38:$BH$57,0))),0) | U12: =IFERROR(IF(INDEX(Invoer!$T$38:$T$57,MATCH(6,Invoer!$BH$38:$BH$57,0))="","",INDEX(Invoer!$T$38:$T$57,MATCH(6,Invoer!$BH$38:$BH$57,0))),"") | W12: =IFERROR(IF(INDEX(Invoer!$U$38:$U$57,MATCH(6,Invoer!$BH$38:$BH$57,0))="","",INDEX(Invoer!$U$38:$U$57,MATCH(6,Invoer!$BH$38:$BH$57,0))),"") | X12: =IFERROR(IF(INDEX(Invoer!$V$38:$V$57,MATCH(6,Invoer!$BH$38:$BH$57,0))="","",INDEX(Invoer!$V$38:$V$57,MATCH(6,Invoer!$BH$38:$BH$57,0))),"") | Y12: =IFERROR(IF(INDEX(Invoer!$W$38:$W$57,MATCH(6,Invoer!$BH$38:$BH$57,0))="","",INDEX(Invoer!$W$38:$W$57,MATCH(6,Invoer!$BH$38:$BH$57,0))),"") | AA12: =IFERROR(N(INDEX(Invoer!$X$38:$X$57,MATCH(6,Invoer!$BH$38:$BH$57,0))),0) | AB12: =IFERROR(N(INDEX(Invoer!$Y$38:$Y$57,MATCH(6,Invoer!$BH$38:$BH$57,0))),0) | AC12: =IFERROR(N(INDEX(Invoer!$Z$38:$Z$57,MATCH(6,Invoer!$BH$38:$BH$57,0))),0) | AD12: =IFERROR(N(INDEX(Invoer!$AA$38:$AA$57,MATCH(6,Invoer!$BH$38:$BH$57,0))),0) | AE12: =IFERROR(N(INDEX(Invoer!$AB$38:$AB$57,MATCH(6,Invoer!$BH$38:$BH$57,0))),0) | AF12: =IFERROR(N(INDEX(Invoer!$AC$38:$AC$57,MATCH(6,Invoer!$BH$38:$BH$57,0))),0) | AH12: =IFERROR(N(INDEX(Invoer!$BC$38:$BC$57,MATCH(6,Invoer!$BH$38:$BH$57,0))),0) | AJ12: =IFERROR(N(INDEX(Invoer!$BD$38:$BD$57,MATCH(6,Invoer!$BH$38:$BH$57,0))),0) | AL12: =IFERROR(N(INDEX(Invoer!$AD$38:$AD$57,MATCH(6,Invoer!$BH$38:$BH$57,0))),0) | AN12: =((($AA$5*(IF(ISNUMBER($AA12),$AA12,0))+$AB$5*(IF(ISNUMBER($AB12),$AB12,0))+$AC$5*(IF(ISNUMBER($AC12),$AC12,0))+$AD$5*(IF(ISNUMBER($AD12),$AD12,0))+$AE$5*(IF(ISNUMBER($AE12),$AE12,0))+$AF$5*(IF(ISNUMBER($AF12),$AF12,0)))+(IF(ISNUMBER($AL12),$AL12,0)))*(IF(U12="j",1,IF(U12="m",12,IF(U12="w",52,IF(U12="d",365,0)))))*T12)*L12 | AP12: =IFERROR(N(INDEX(Invoer!$AL$38:$AL$57,MATCH(6,Invoer!$BH$38:$BH$57,0))),0) | AQ12: =IFERROR(N(INDEX(Invoer!$AK$38:$AK$57,MATCH(6,Invoer!$BH$38:$BH$57,0))),0) | AR12: =IFERROR(N(INDEX(Invoer!$AP$38:$AP$57,MATCH(6,Invoer!$BH$38:$BH$57,0))),0) | AT12: =AP12+AQ12+AR12 | AV12: =IFERROR(IF(INDEX(Invoer!$BE$38:$BE$57,MATCH(6,Invoer!$BH$38:$BH$57,0))="","",INDEX(Invoer!$BE$38:$BE$57,MATCH(6,Invoer!$BH$38:$BH$57,0))),"")
A13: =IFERROR(N(INDEX(Invoer!$B$38:$B$57,MATCH(7,Invoer!$BH$38:$BH$57,0))),0) | B13: =IFERROR(N(INDEX(Invoer!$C$38:$C$57,MATCH(7,Invoer!$BH$38:$BH$57,0))),0) | C13: =IFERROR(N(INDEX(Invoer!$D$38:$D$57,MATCH(7,Invoer!$BH$38:$BH$57,0))),0) | D13: =IFERROR(N(INDEX(Invoer!$E$38:$E$57,MATCH(7,Invoer!$BH$38:$BH$57,0))),0) | E13: =IFERROR(N(INDEX(Invoer!$F$38:$F$57,MATCH(7,Invoer!$BH$38:$BH$57,0))),0) | F13: =IFERROR(N(INDEX(Invoer!$G$38:$G$57,MATCH(7,Invoer!$BH$38:$BH$57,0))),0) | G13: =IFERROR(N(INDEX(Invoer!$H$38:$H$57,MATCH(7,Invoer!$BH$38:$BH$57,0))),0) | H13: =IFERROR(N(INDEX(Invoer!$I$38:$I$57,MATCH(7,Invoer!$BH$38:$BH$57,0))),0) | I13: =IFERROR(N(INDEX(Invoer!$J$38:$J$57,MATCH(7,Invoer!$BH$38:$BH$57,0))),0) | J13: =IFERROR(N(INDEX(Invoer!$K$38:$K$57,MATCH(7,Invoer!$BH$38:$BH$57,0))),0) | K13: =IFERROR(IF(INDEX(Invoer!$L$38:$L$57,MATCH(7,Invoer!$BH$38:$BH$57,0))="","",INDEX(Invoer!$L$38:$L$57,MATCH(7,Invoer!$BH$38:$BH$57,0))),"") | L13: =IFERROR(N(INDEX(Invoer!$M$38:$M$57,MATCH(7,Invoer!$BH$38:$BH$57,0))),0) | M13: =IFERROR(IF(INDEX(Invoer!$BQ$38:$BQ$57,MATCH(7,Invoer!$BH$38:$BH$57,0))="","",INDEX(Invoer!$BQ$38:$BQ$57,MATCH(7,Invoer!$BH$38:$BH$57,0))),"") | N13: =IFERROR(IF(INDEX(Invoer!$BR$38:$BR$57,MATCH(7,Invoer!$BH$38:$BH$57,0))="","",INDEX(Invoer!$BR$38:$BR$57,MATCH(7,Invoer!$BH$38:$BH$57,0))),"") | P13: =IFERROR(IF(INDEX(Invoer!$Q$38:$Q$57,MATCH(7,Invoer!$BH$38:$BH$57,0))="","",INDEX(Invoer!$Q$38:$Q$57,MATCH(7,Invoer!$BH$38:$BH$57,0))),"") | R13: =IFERROR(IF(INDEX(Invoer!$R$38:$R$57,MATCH(7,Invoer!$BH$38:$BH$57,0))="","",INDEX(Invoer!$R$38:$R$57,MATCH(7,Invoer!$BH$38:$BH$57,0))),"") | T13: =IFERROR(N(INDEX(Invoer!$S$38:$S$57,MATCH(7,Invoer!$BH$38:$BH$57,0))),0) | U13: =IFERROR(IF(INDEX(Invoer!$T$38:$T$57,MATCH(7,Invoer!$BH$38:$BH$57,0))="","",INDEX(Invoer!$T$38:$T$57,MATCH(7,Invoer!$BH$38:$BH$57,0))),"") | W13: =IFERROR(IF(INDEX(Invoer!$U$38:$U$57,MATCH(7,Invoer!$BH$38:$BH$57,0))="","",INDEX(Invoer!$U$38:$U$57,MATCH(7,Invoer!$BH$38:$BH$57,0))),"") | X13: =IFERROR(IF(INDEX(Invoer!$V$38:$V$57,MATCH(7,Invoer!$BH$38:$BH$57,0))="","",INDEX(Invoer!$V$38:$V$57,MATCH(7,Invoer!$BH$38:$BH$57,0))),"") | Y13: =IFERROR(IF(INDEX(Invoer!$W$38:$W$57,MATCH(7,Invoer!$BH$38:$BH$57,0))="","",INDEX(Invoer!$W$38:$W$57,MATCH(7,Invoer!$BH$38:$BH$57,0))),"") | AA13: =IFERROR(N(INDEX(Invoer!$X$38:$X$57,MATCH(7,Invoer!$BH$38:$BH$57,0))),0) | AB13: =IFERROR(N(INDEX(Invoer!$Y$38:$Y$57,MATCH(7,Invoer!$BH$38:$BH$57,0))),0) | AC13: =IFERROR(N(INDEX(Invoer!$Z$38:$Z$57,MATCH(7,Invoer!$BH$38:$BH$57,0))),0) | AD13: =IFERROR(N(INDEX(Invoer!$AA$38:$AA$57,MATCH(7,Invoer!$BH$38:$BH$57,0))),0) | AE13: =IFERROR(N(INDEX(Invoer!$AB$38:$AB$57,MATCH(7,Invoer!$BH$38:$BH$57,0))),0) | AF13: =IFERROR(N(INDEX(Invoer!$AC$38:$AC$57,MATCH(7,Invoer!$BH$38:$BH$57,0))),0) | AH13: =IFERROR(N(INDEX(Invoer!$BC$38:$BC$57,MATCH(7,Invoer!$BH$38:$BH$57,0))),0) | AJ13: =IFERROR(N(INDEX(Invoer!$BD$38:$BD$57,MATCH(7,Invoer!$BH$38:$BH$57,0))),0) | AL13: =IFERROR(N(INDEX(Invoer!$AD$38:$AD$57,MATCH(7,Invoer!$BH$38:$BH$57,0))),0) | AN13: =((($AA$5*(IF(ISNUMBER($AA13),$AA13,0))+$AB$5*(IF(ISNUMBER($AB13),$AB13,0))+$AC$5*(IF(ISNUMBER($AC13),$AC13,0))+$AD$5*(IF(ISNUMBER($AD13),$AD13,0))+$AE$5*(IF(ISNUMBER($AE13),$AE13,0))+$AF$5*(IF(ISNUMBER($AF13),$AF13,0)))+(IF(ISNUMBER($AL13),$AL13,0)))*(IF(U13="j",1,IF(U13="m",12,IF(U13="w",52,IF(U13="d",365,0)))))*T13)*L13 | AP13: =IFERROR(N(INDEX(Invoer!$AL$38:$AL$57,MATCH(7,Invoer!$BH$38:$BH$57,0))),0) | AQ13: =IFERROR(N(INDEX(Invoer!$AK$38:$AK$57,MATCH(7,Invoer!$BH$38:$BH$57,0))),0) | AR13: =IFERROR(N(INDEX(Invoer!$AP$38:$AP$57,MATCH(7,Invoer!$BH$38:$BH$57,0))),0) | AT13: =AP13+AQ13+AR13 | AV13: =IFERROR(IF(INDEX(Invoer!$BE$38:$BE$57,MATCH(7,Invoer!$BH$38:$BH$57,0))="","",INDEX(Invoer!$BE$38:$BE$57,MATCH(7,Invoer!$BH$38:$BH$57,0))),"")
A14: =IFERROR(N(INDEX(Invoer!$B$38:$B$57,MATCH(8,Invoer!$BH$38:$BH$57,0))),0) | B14: =IFERROR(N(INDEX(Invoer!$C$38:$C$57,MATCH(8,Invoer!$BH$38:$BH$57,0))),0) | C14: =IFERROR(N(INDEX(Invoer!$D$38:$D$57,MATCH(8,Invoer!$BH$38:$BH$57,0))),0) | D14: =IFERROR(N(INDEX(Invoer!$E$38:$E$57,MATCH(8,Invoer!$BH$38:$BH$57,0))),0) | E14: =IFERROR(N(INDEX(Invoer!$F$38:$F$57,MATCH(8,Invoer!$BH$38:$BH$57,0))),0) | F14: =IFERROR(N(INDEX(Invoer!$G$38:$G$57,MATCH(8,Invoer!$BH$38:$BH$57,0))),0) | G14: =IFERROR(N(INDEX(Invoer!$H$38:$H$57,MATCH(8,Invoer!$BH$38:$BH$57,0))),0) | H14: =IFERROR(N(INDEX(Invoer!$I$38:$I$57,MATCH(8,Invoer!$BH$38:$BH$57,0))),0) | I14: =IFERROR(N(INDEX(Invoer!$J$38:$J$57,MATCH(8,Invoer!$BH$38:$BH$57,0))),0) | J14: =IFERROR(N(INDEX(Invoer!$K$38:$K$57,MATCH(8,Invoer!$BH$38:$BH$57,0))),0) | K14: =IFERROR(IF(INDEX(Invoer!$L$38:$L$57,MATCH(8,Invoer!$BH$38:$BH$57,0))="","",INDEX(Invoer!$L$38:$L$57,MATCH(8,Invoer!$BH$38:$BH$57,0))),"") | L14: =IFERROR(N(INDEX(Invoer!$M$38:$M$57,MATCH(8,Invoer!$BH$38:$BH$57,0))),0) | M14: =IFERROR(IF(INDEX(Invoer!$BQ$38:$BQ$57,MATCH(8,Invoer!$BH$38:$BH$57,0))="","",INDEX(Invoer!$BQ$38:$BQ$57,MATCH(8,Invoer!$BH$38:$BH$57,0))),"") | N14: =IFERROR(IF(INDEX(Invoer!$BR$38:$BR$57,MATCH(8,Invoer!$BH$38:$BH$57,0))="","",INDEX(Invoer!$BR$38:$BR$57,MATCH(8,Invoer!$BH$38:$BH$57,0))),"") | P14: =IFERROR(IF(INDEX(Invoer!$Q$38:$Q$57,MATCH(8,Invoer!$BH$38:$BH$57,0))="","",INDEX(Invoer!$Q$38:$Q$57,MATCH(8,Invoer!$BH$38:$BH$57,0))),"") | R14: =IFERROR(IF(INDEX(Invoer!$R$38:$R$57,MATCH(8,Invoer!$BH$38:$BH$57,0))="","",INDEX(Invoer!$R$38:$R$57,MATCH(8,Invoer!$BH$38:$BH$57,0))),"") | T14: =IFERROR(N(INDEX(Invoer!$S$38:$S$57,MATCH(8,Invoer!$BH$38:$BH$57,0))),0) | U14: =IFERROR(IF(INDEX(Invoer!$T$38:$T$57,MATCH(8,Invoer!$BH$38:$BH$57,0))="","",INDEX(Invoer!$T$38:$T$57,MATCH(8,Invoer!$BH$38:$BH$57,0))),"") | W14: =IFERROR(IF(INDEX(Invoer!$U$38:$U$57,MATCH(8,Invoer!$BH$38:$BH$57,0))="","",INDEX(Invoer!$U$38:$U$57,MATCH(8,Invoer!$BH$38:$BH$57,0))),"") | X14: =IFERROR(IF(INDEX(Invoer!$V$38:$V$57,MATCH(8,Invoer!$BH$38:$BH$57,0))="","",INDEX(Invoer!$V$38:$V$57,MATCH(8,Invoer!$BH$38:$BH$57,0))),"") | Y14: =IFERROR(IF(INDEX(Invoer!$W$38:$W$57,MATCH(8,Invoer!$BH$38:$BH$57,0))="","",INDEX(Invoer!$W$38:$W$57,MATCH(8,Invoer!$BH$38:$BH$57,0))),"") | AA14: =IFERROR(N(INDEX(Invoer!$X$38:$X$57,MATCH(8,Invoer!$BH$38:$BH$57,0))),0) | AB14: =IFERROR(N(INDEX(Invoer!$Y$38:$Y$57,MATCH(8,Invoer!$BH$38:$BH$57,0))),0) | AC14: =IFERROR(N(INDEX(Invoer!$Z$38:$Z$57,MATCH(8,Invoer!$BH$38:$BH$57,0))),0) | AD14: =IFERROR(N(INDEX(Invoer!$AA$38:$AA$57,MATCH(8,Invoer!$BH$38:$BH$57,0))),0) | AE14: =IFERROR(N(INDEX(Invoer!$AB$38:$AB$57,MATCH(8,Invoer!$BH$38:$BH$57,0))),0) | AF14: =IFERROR(N(INDEX(Invoer!$AC$38:$AC$57,MATCH(8,Invoer!$BH$38:$BH$57,0))),0) | AH14: =IFERROR(N(INDEX(Invoer!$BC$38:$BC$57,MATCH(8,Invoer!$BH$38:$BH$57,0))),0) | AJ14: =IFERROR(N(INDEX(Invoer!$BD$38:$BD$57,MATCH(8,Invoer!$BH$38:$BH$57,0))),0) | AL14: =IFERROR(N(INDEX(Invoer!$AD$38:$AD$57,MATCH(8,Invoer!$BH$38:$BH$57,0))),0) | AN14: =((($AA$5*(IF(ISNUMBER($AA14),$AA14,0))+$AB$5*(IF(ISNUMBER($AB14),$AB14,0))+$AC$5*(IF(ISNUMBER($AC14),$AC14,0))+$AD$5*(IF(ISNUMBER($AD14),$AD14,0))+$AE$5*(IF(ISNUMBER($AE14),$AE14,0))+$AF$5*(IF(ISNUMBER($AF14),$AF14,0)))+(IF(ISNUMBER($AL14),$AL14,0)))*(IF(U14="j",1,IF(U14="m",12,IF(U14="w",52,IF(U14="d",365,0)))))*T14)*L14 | AP14: =IFERROR(N(INDEX(Invoer!$AL$38:$AL$57,MATCH(8,Invoer!$BH$38:$BH$57,0))),0) | AQ14: =IFERROR(N(INDEX(Invoer!$AK$38:$AK$57,MATCH(8,Invoer!$BH$38:$BH$57,0))),0) | AR14: =IFERROR(N(INDEX(Invoer!$AP$38:$AP$57,MATCH(8,Invoer!$BH$38:$BH$57,0))),0) | AT14: =AP14+AQ14+AR14 | AV14: =IFERROR(IF(INDEX(Invoer!$BE$38:$BE$57,MATCH(8,Invoer!$BH$38:$BH$57,0))="","",INDEX(Invoer!$BE$38:$BE$57,MATCH(8,Invoer!$BH$38:$BH$57,0))),"")
A15: =IFERROR(N(INDEX(Invoer!$B$38:$B$57,MATCH(9,Invoer!$BH$38:$BH$57,0))),0) | B15: =IFERROR(N(INDEX(Invoer!$C$38:$C$57,MATCH(9,Invoer!$BH$38:$BH$57,0))),0) | C15: =IFERROR(N(INDEX(Invoer!$D$38:$D$57,MATCH(9,Invoer!$BH$38:$BH$57,0))),0) | D15: =IFERROR(N(INDEX(Invoer!$E$38:$E$57,MATCH(9,Invoer!$BH$38:$BH$57,0))),0) | E15: =IFERROR(N(INDEX(Invoer!$F$38:$F$57,MATCH(9,Invoer!$BH$38:$BH$57,0))),0) | F15: =IFERROR(N(INDEX(Invoer!$G$38:$G$57,MATCH(9,Invoer!$BH$38:$BH$57,0))),0) | G15: =IFERROR(N(INDEX(Invoer!$H$38:$H$57,MATCH(9,Invoer!$BH$38:$BH$57,0))),0) | H15: =IFERROR(N(INDEX(Invoer!$I$38:$I$57,MATCH(9,Invoer!$BH$38:$BH$57,0))),0) | I15: =IFERROR(N(INDEX(Invoer!$J$38:$J$57,MATCH(9,Invoer!$BH$38:$BH$57,0))),0) | J15: =IFERROR(N(INDEX(Invoer!$K$38:$K$57,MATCH(9,Invoer!$BH$38:$BH$57,0))),0) | K15: =IFERROR(IF(INDEX(Invoer!$L$38:$L$57,MATCH(9,Invoer!$BH$38:$BH$57,0))="","",INDEX(Invoer!$L$38:$L$57,MATCH(9,Invoer!$BH$38:$BH$57,0))),"") | L15: =IFERROR(N(INDEX(Invoer!$M$38:$M$57,MATCH(9,Invoer!$BH$38:$BH$57,0))),0) | M15: =IFERROR(IF(INDEX(Invoer!$BQ$38:$BQ$57,MATCH(9,Invoer!$BH$38:$BH$57,0))="","",INDEX(Invoer!$BQ$38:$BQ$57,MATCH(9,Invoer!$BH$38:$BH$57,0))),"") | N15: =IFERROR(IF(INDEX(Invoer!$BR$38:$BR$57,MATCH(9,Invoer!$BH$38:$BH$57,0))="","",INDEX(Invoer!$BR$38:$BR$57,MATCH(9,Invoer!$BH$38:$BH$57,0))),"") | P15: =IFERROR(IF(INDEX(Invoer!$Q$38:$Q$57,MATCH(9,Invoer!$BH$38:$BH$57,0))="","",INDEX(Invoer!$Q$38:$Q$57,MATCH(9,Invoer!$BH$38:$BH$57,0))),"") | R15: =IFERROR(IF(INDEX(Invoer!$R$38:$R$57,MATCH(9,Invoer!$BH$38:$BH$57,0))="","",INDEX(Invoer!$R$38:$R$57,MATCH(9,Invoer!$BH$38:$BH$57,0))),"") | T15: =IFERROR(N(INDEX(Invoer!$S$38:$S$57,MATCH(9,Invoer!$BH$38:$BH$57,0))),0) | U15: =IFERROR(IF(INDEX(Invoer!$T$38:$T$57,MATCH(9,Invoer!$BH$38:$BH$57,0))="","",INDEX(Invoer!$T$38:$T$57,MATCH(9,Invoer!$BH$38:$BH$57,0))),"") | W15: =IFERROR(IF(INDEX(Invoer!$U$38:$U$57,MATCH(9,Invoer!$BH$38:$BH$57,0))="","",INDEX(Invoer!$U$38:$U$57,MATCH(9,Invoer!$BH$38:$BH$57,0))),"") | X15: =IFERROR(IF(INDEX(Invoer!$V$38:$V$57,MATCH(9,Invoer!$BH$38:$BH$57,0))="","",INDEX(Invoer!$V$38:$V$57,MATCH(9,Invoer!$BH$38:$BH$57,0))),"") | Y15: =IFERROR(IF(INDEX(Invoer!$W$38:$W$57,MATCH(9,Invoer!$BH$38:$BH$57,0))="","",INDEX(Invoer!$W$38:$W$57,MATCH(9,Invoer!$BH$38:$BH$57,0))),"") | AA15: =IFERROR(N(INDEX(Invoer!$X$38:$X$57,MATCH(9,Invoer!$BH$38:$BH$57,0))),0) | AB15: =IFERROR(N(INDEX(Invoer!$Y$38:$Y$57,MATCH(9,Invoer!$BH$38:$BH$57,0))),0) | AC15: =IFERROR(N(INDEX(Invoer!$Z$38:$Z$57,MATCH(9,Invoer!$BH$38:$BH$57,0))),0) | AD15: =IFERROR(N(INDEX(Invoer!$AA$38:$AA$57,MATCH(9,Invoer!$BH$38:$BH$57,0))),0) | AE15: =IFERROR(N(INDEX(Invoer!$AB$38:$AB$57,MATCH(9,Invoer!$BH$38:$BH$57,0))),0) | AF15: =IFERROR(N(INDEX(Invoer!$AC$38:$AC$57,MATCH(9,Invoer!$BH$38:$BH$57,0))),0) | AH15: =IFERROR(N(INDEX(Invoer!$BC$38:$BC$57,MATCH(9,Invoer!$BH$38:$BH$57,0))),0) | AJ15: =IFERROR(N(INDEX(Invoer!$BD$38:$BD$57,MATCH(9,Invoer!$BH$38:$BH$57,0))),0) | AL15: =IFERROR(N(INDEX(Invoer!$AD$38:$AD$57,MATCH(9,Invoer!$BH$38:$BH$57,0))),0) | AN15: =((($AA$5*(IF(ISNUMBER($AA15),$AA15,0))+$AB$5*(IF(ISNUMBER($AB15),$AB15,0))+$AC$5*(IF(ISNUMBER($AC15),$AC15,0))+$AD$5*(IF(ISNUMBER($AD15),$AD15,0))+$AE$5*(IF(ISNUMBER($AE15),$AE15,0))+$AF$5*(IF(ISNUMBER($AF15),$AF15,0)))+(IF(ISNUMBER($AL15),$AL15,0)))*(IF(U15="j",1,IF(U15="m",12,IF(U15="w",52,IF(U15="d",365,0)))))*T15)*L15 | AP15: =IFERROR(N(INDEX(Invoer!$AL$38:$AL$57,MATCH(9,Invoer!$BH$38:$BH$57,0))),0) | AQ15: =IFERROR(N(INDEX(Invoer!$AK$38:$AK$57,MATCH(9,Invoer!$BH$38:$BH$57,0))),0) | AR15: =IFERROR(N(INDEX(Invoer!$AP$38:$AP$57,MATCH(9,Invoer!$BH$38:$BH$57,0))),0) | AT15: =AP15+AQ15+AR15 | AV15: =IFERROR(IF(INDEX(Invoer!$BE$38:$BE$57,MATCH(9,Invoer!$BH$38:$BH$57,0))="","",INDEX(Invoer!$BE$38:$BE$57,MATCH(9,Invoer!$BH$38:$BH$57,0))),"")
AM17: € | AN17: =SUM(AN7:AN15) | AV17: =TODAY()

Sheet SAO
A1: =PO!A1 | C1: =Algemeen!R4 | P1: Correctieve onderhoudstaken | AX1: Correctieve onderhoudstaken
M3: Actie | V3: Freq. | Y3: Uitvoering | AC3: tijd (uur)
A4: Deze lijst vult zichzelf vanuit het tabblad Invoer | K4: Fysieke decompositie | L4: Aantal Componenten | M4: Reparatie | N4: Vervanging | P4: Omschrijving | R4: Taak-ID | T4: S.A.O.? (Ja / Nee) | V4: Aantal keren per | W4: d / w / m / j | Y4: Voor verhuur | Z4: Tijdens fietstocht | AA4: Alleen in groot onderhoud | AC4: Verhuurder | AD4: Huurder | AE4: Monteur | AF4: =Algemeen!AS13 | AG4: =Algemeen!AT13 | AH4: =Algemeen!AU13 | AJ4: # man | AL4: # man marinebedrijf/dienst | AN4: Vaste kosten | AP4: OH-kosten per jaar | AR4: Zoektijd (uur) | AS4: reparatietijd (uur) | AT4: Wachttijd (uur) | AV4: Verwachte Doorlooptijd (uur) | AX4: Opmerkingen
AC5: =uurtarief_wd | AD5: 100 | AE5: 50 | AF5: 100 | AG5: 100 | AH5: 100
A7: =IFERROR(N(INDEX(Invoer!$B$38:$B$57,MATCH(1,Invoer!$BI$38:$BI$57,0))),0) | B7: =IFERROR(N(INDEX(Invoer!$C$38:$C$57,MATCH(1,Invoer!$BI$38:$BI$57,0))),0) | C7: =IFERROR(N(INDEX(Invoer!$D$38:$D$57,MATCH(1,Invoer!$BI$38:$BI$57,0))),0) | D7: =IFERROR(N(INDEX(Invoer!$E$38:$E$57,MATCH(1,Invoer!$BI$38:$BI$57,0))),0) | E7: =IFERROR(N(INDEX(Invoer!$F$38:$F$57,MATCH(1,Invoer!$BI$38:$BI$57,0))),0) | F7: =IFERROR(N(INDEX(Invoer!$G$38:$G$57,MATCH(1,Invoer!$BI$38:$BI$57,0))),0) | G7: =IFERROR(N(INDEX(Invoer!$H$38:$H$57,MATCH(1,Invoer!$BI$38:$BI$57,0))),0) | H7: =IFERROR(N(INDEX(Invoer!$I$38:$I$57,MATCH(1,Invoer!$BI$38:$BI$57,0))),0) | I7: =IFERROR(N(INDEX(Invoer!$J$38:$J$57,MATCH(1,Invoer!$BI$38:$BI$57,0))),0) | J7: =IFERROR(N(INDEX(Invoer!$K$38:$K$57,MATCH(1,Invoer!$BI$38:$BI$57,0))),0) | K7: =IFERROR(IF(INDEX(Invoer!$L$38:$L$57,MATCH(1,Invoer!$BI$38:$BI$57,0))="","",INDEX(Invoer!$L$38:$L$57,MATCH(1,Invoer!$BI$38:$BI$57,0))),"") | L7: =IFERROR(N(INDEX(Invoer!$M$38:$M$57,MATCH(1,Invoer!$BI$38:$BI$57,0))),0) | M7: =IFERROR(IF(INDEX(Invoer!$BS$38:$BS$57,MATCH(1,Invoer!$BI$38:$BI$57,0))="","",INDEX(Invoer!$BS$38:$BS$57,MATCH(1,Invoer!$BI$38:$BI$57,0))),"") | N7: =IFERROR(IF(INDEX(Invoer!$BT$38:$BT$57,MATCH(1,Invoer!$BI$38:$BI$57,0))="","",INDEX(Invoer!$BT$38:$BT$57,MATCH(1,Invoer!$BI$38:$BI$57,0))),"") | P7: =IFERROR(IF(INDEX(Invoer!$Q$38:$Q$57,MATCH(1,Invoer!$BI$38:$BI$57,0))="","",INDEX(Invoer!$Q$38:$Q$57,MATCH(1,Invoer!$BI$38:$BI$57,0))),"") | R7: =IFERROR(IF(INDEX(Invoer!$R$38:$R$57,MATCH(1,Invoer!$BI$38:$BI$57,0))="","",INDEX(Invoer!$R$38:$R$57,MATCH(1,Invoer!$BI$38:$BI$57,0))),"") | T7: =IFERROR(IF(INDEX(Invoer!$P$38:$P$57,MATCH(1,Invoer!$BI$38:$BI$57,0))="","",INDEX(Invoer!$P$38:$P$57,MATCH(1,Invoer!$BI$38:$BI$57,0))),"") | V7: =IFERROR(N(INDEX(Invoer!$S$38:$S$57,MATCH(1,Invoer!$BI$38:$BI$57,0))),0) | W7: =IFERROR(IF(INDEX(Invoer!$T$38:$T$57,MATCH(1,Invoer!$BI$38:$BI$57,0))="","",INDEX(Invoer!$T$38:$T$57,MATCH(1,Invoer!$BI$38:$BI$57,0))),"") | Y7: =IFERROR(IF(INDEX(Invoer!$U$38:$U$57,MATCH(1,Invoer!$BI$38:$BI$57,0))="","",INDEX(Invoer!$U$38:$U$57,MATCH(1,Invoer!$BI$38:$BI$57,0))),"") | Z7: =IFERROR(IF(INDEX(Invoer!$V$38:$V$57,MATCH(1,Invoer!$BI$38:$BI$57,0))="","",INDEX(Invoer!$V$38:$V$57,MATCH(1,Invoer!$BI$38:$BI$57,0))),"") | AA7: =IFERROR(IF(INDEX(Invoer!$W$38:$W$57,MATCH(1,Invoer!$BI$38:$BI$57,0))="","",INDEX(Invoer!$W$38:$W$57,MATCH(1,Invoer!$BI$38:$BI$57,0))),"") | AC7: =IFERROR(N(INDEX(Invoer!$X$38:$X$57,MATCH(1,Invoer!$BI$38:$BI$57,0))),0) | AD7: =IFERROR(N(INDEX(Invoer!$Y$38:$Y$57,MATCH(1,Invoer!$BI$38:$BI$57,0))),0) | AE7: =IFERROR(N(INDEX(Invoer!$Z$38:$Z$57,MATCH(1,Invoer!$BI$38:$BI$57,0))),0) | AF7: =IFERROR(N(INDEX(Invoer!$AA$38:$AA$57,MATCH(1,Invoer!$BI$38:$BI$57,0))),0) | AG7: =IFERROR(N(INDEX(Invoer!$AB$38:$AB$57,MATCH(1,Invoer!$BI$38:$BI$57,0))),0) | AH7: =IFERROR(N(INDEX(Invoer!$AC$38:$AC$57,MATCH(1,Invoer!$BI$38:$BI$57,0))),0) | AJ7: =IFERROR(N(INDEX(Invoer!$BC$38:$BC$57,MATCH(1,Invoer!$BI$38:$BI$57,0))),0) | AL7: =IFERROR(N(INDEX(Invoer!$BD$38:$BD$57,MATCH(1,Invoer!$BI$38:$BI$57,0))),0) | AN7: =IFERROR(N(INDEX(Invoer!$AD$38:$AD$57,MATCH(1,Invoer!$BI$38:$BI$57,0))),0) | AP7: =(($AC$5*(IF(ISNUMBER($AC7),$AC7,0))+$AD$5*(IF(ISNUMBER($AD7),$AD7,0))+$AE$5*(IF(ISNUMBER($AE7),$AE7,0))+$AF$5*(IF(ISNUMBER($AF7),$AF7,0))+$AG$5*(IF(ISNUMBER($AG7),$AG7,0))+$AH$5*(IF(ISNUMBER($AH7),$AH7,0)))+(IF(ISNUMBER($AN7),$AN7,0)))*(IF(W7="j",1,IF(W7="m",12,IF(W7="w",52,IF(W7="d",365,0)))))*V7 | AR7: =IFERROR(N(INDEX(Invoer!$AL$38:$AL$57,MATCH(1,Invoer!$BI$38:$BI$57,0))),0) | AS7: =IFERROR(N(INDEX(Invoer!$AM$38:$AM$57,MATCH(1,Invoer!$BI$38:$BI$57,0))),0) | AT7: =IFERROR(N(INDEX(Invoer!$AN$38:$AN$57,MATCH(1,Invoer!$BI$38:$BI$57,0))),0) | AV7: =$AR7+$AS7+$AT7 | AX7: =IFERROR(IF(INDEX(Invoer!$BE$38:$BE$57,MATCH(1,Invoer!$BI$38:$BI$57,0))="","",INDEX(Invoer!$BE$38:$BE$57,MATCH(1,Invoer!$BI$38:$BI$57,0))),"")
A8: =IFERROR(N(INDEX(Invoer!$B$38:$B$57,MATCH(2,Invoer!$BI$38:$BI$57,0))),0) | B8: =IFERROR(N(INDEX(Invoer!$C$38:$C$57,MATCH(2,Invoer!$BI$38:$BI$57,0))),0) | C8: =IFERROR(N(INDEX(Invoer!$D$38:$D$57,MATCH(2,Invoer!$BI$38:$BI$57,0))),0) | D8: =IFERROR(N(INDEX(Invoer!$E$38:$E$57,MATCH(2,Invoer!$BI$38:$BI$57,0))),0) | E8: =IFERROR(N(INDEX(Invoer!$F$38:$F$57,MATCH(2,Invoer!$BI$38:$BI$57,0))),0) | F8: =IFERROR(N(INDEX(Invoer!$G$38:$G$57,MATCH(2,Invoer!$BI$38:$BI$57,0))),0) | G8: =IFERROR(N(INDEX(Invoer!$H$38:$H$57,MATCH(2,Invoer!$BI$38:$BI$57,0))),0) | H8: =IFERROR(N(INDEX(Invoer!$I$38:$I$57,MATCH(2,Invoer!$BI$38:$BI$57,0))),0) | I8: =IFERROR(N(INDEX(Invoer!$J$38:$J$57,MATCH(2,Invoer!$BI$38:$BI$57,0))),0) | J8: =IFERROR(N(INDEX(Invoer!$K$38:$K$57,MATCH(2,Invoer!$BI$38:$BI$57,0))),0) | K8: =IFERROR(IF(INDEX(Invoer!$L$38:$L$57,MATCH(2,Invoer!$BI$38:$BI$57,0))="","",INDEX(Invoer!$L$38:$L$57,MATCH(2,Invoer!$BI$38:$BI$57,0))),"") | L8: =IFERROR(N(INDEX(Invoer!$M$38:$M$57,MATCH(2,Invoer!$BI$38:$BI$57,0))),0) | M8: =IFERROR(IF(INDEX(Invoer!$BS$38:$BS$57,MATCH(2,Invoer!$BI$38:$BI$57,0))="","",INDEX(Invoer!$BS$38:$BS$57,MATCH(2,Invoer!$BI$38:$BI$57,0))),"") | N8: =IFERROR(IF(INDEX(Invoer!$BT$38:$BT$57,MATCH(2,Invoer!$BI$38:$BI$57,0))="","",INDEX(Invoer!$BT$38:$BT$57,MATCH(2,Invoer!$BI$38:$BI$57,0))),"") | P8: =IFERROR(IF(INDEX(Invoer!$Q$38:$Q$57,MATCH(2,Invoer!$BI$38:$BI$57,0))="","",INDEX(Invoer!$Q$38:$Q$57,MATCH(2,Invoer!$BI$38:$BI$57,0))),"") | R8: =IFERROR(IF(INDEX(Invoer!$R$38:$R$57,MATCH(2,Invoer!$BI$38:$BI$57,0))="","",INDEX(Invoer!$R$38:$R$57,MATCH(2,Invoer!$BI$38:$BI$57,0))),"") | T8: =IFERROR(IF(INDEX(Invoer!$P$38:$P$57,MATCH(2,Invoer!$BI$38:$BI$57,0))="","",INDEX(Invoer!$P$38:$P$57,MATCH(2,Invoer!$BI$38:$BI$57,0))),"") | V8: =IFERROR(N(INDEX(Invoer!$S$38:$S$57,MATCH(2,Invoer!$BI$38:$BI$57,0))),0) | W8: =IFERROR(IF(INDEX(Invoer!$T$38:$T$57,MATCH(2,Invoer!$BI$38:$BI$57,0))="","",INDEX(Invoer!$T$38:$T$57,MATCH(2,Invoer!$BI$38:$BI$57,0))),"") | Y8: =IFERROR(IF(INDEX(Invoer!$U$38:$U$57,MATCH(2,Invoer!$BI$38:$BI$57,0))="","",INDEX(Invoer!$U$38:$U$57,MATCH(2,Invoer!$BI$38:$BI$57,0))),"") | Z8: =IFERROR(IF(INDEX(Invoer!$V$38:$V$57,MATCH(2,Invoer!$BI$38:$BI$57,0))="","",INDEX(Invoer!$V$38:$V$57,MATCH(2,Invoer!$BI$38:$BI$57,0))),"") | AA8: =IFERROR(IF(INDEX(Invoer!$W$38:$W$57,MATCH(2,Invoer!$BI$38:$BI$57,0))="","",INDEX(Invoer!$W$38:$W$57,MATCH(2,Invoer!$BI$38:$BI$57,0))),"") | AC8: =IFERROR(N(INDEX(Invoer!$X$38:$X$57,MATCH(2,Invoer!$BI$38:$BI$57,0))),0) | AD8: =IFERROR(N(INDEX(Invoer!$Y$38:$Y$57,MATCH(2,Invoer!$BI$38:$BI$57,0))),0) | AE8: =IFERROR(N(INDEX(Invoer!$Z$38:$Z$57,MATCH(2,Invoer!$BI$38:$BI$57,0))),0) | AF8: =IFERROR(N(INDEX(Invoer!$AA$38:$AA$57,MATCH(2,Invoer!$BI$38:$BI$57,0))),0) | AG8: =IFERROR(N(INDEX(Invoer!$AB$38:$AB$57,MATCH(2,Invoer!$BI$38:$BI$57,0))),0) | AH8: =IFERROR(N(INDEX(Invoer!$AC$38:$AC$57,MATCH(2,Invoer!$BI$38:$BI$57,0))),0) | AJ8: =IFERROR(N(INDEX(Invoer!$BC$38:$BC$57,MATCH(2,Invoer!$BI$38:$BI$57,0))),0) | AL8: =IFERROR(N(INDEX(Invoer!$BD$38:$BD$57,MATCH(2,Invoer!$BI$38:$BI$57,0))),0) | AN8: =IFERROR(N(INDEX(Invoer!$AD$38:$AD$57,MATCH(2,Invoer!$BI$38:$BI$57,0))),0) | AP8: =(($AC$5*(IF(ISNUMBER($AC8),$AC8,0))+$AD$5*(IF(ISNUMBER($AD8),$AD8,0))+$AE$5*(IF(ISNUMBER($AE8),$AE8,0))+$AF$5*(IF(ISNUMBER($AF8),$AF8,0))+$AG$5*(IF(ISNUMBER($AG8),$AG8,0))+$AH$5*(IF(ISNUMBER($AH8),$AH8,0)))+(IF(ISNUMBER($AN8),$AN8,0)))*(IF(W8="j",1,IF(W8="m",12,IF(W8="w",52,IF(W8="d",365,0)))))*V8 | AR8: =IFERROR(N(INDEX(Invoer!$AL$38:$AL$57,MATCH(2,Invoer!$BI$38:$BI$57,0))),0) | AS8: =IFERROR(N(INDEX(Invoer!$AM$38:$AM$57,MATCH(2,Invoer!$BI$38:$BI$57,0))),0) | AT8: =IFERROR(N(INDEX(Invoer!$AN$38:$AN$57,MATCH(2,Invoer!$BI$38:$BI$57,0))),0) | AV8: =$AR8+$AS8+$AT8 | AX8: =IFERROR(IF(INDEX(Invoer!$BE$38:$BE$57,MATCH(2,Invoer!$BI$38:$BI$57,0))="","",INDEX(Invoer!$BE$38:$BE$57,MATCH(2,Invoer!$BI$38:$BI$57,0))),"")
A9: =IFERROR(N(INDEX(Invoer!$B$38:$B$57,MATCH(3,Invoer!$BI$38:$BI$57,0))),0) | B9: =IFERROR(N(INDEX(Invoer!$C$38:$C$57,MATCH(3,Invoer!$BI$38:$BI$57,0))),0) | C9: =IFERROR(N(INDEX(Invoer!$D$38:$D$57,MATCH(3,Invoer!$BI$38:$BI$57,0))),0) | D9: =IFERROR(N(INDEX(Invoer!$E$38:$E$57,MATCH(3,Invoer!$BI$38:$BI$57,0))),0) | E9: =IFERROR(N(INDEX(Invoer!$F$38:$F$57,MATCH(3,Invoer!$BI$38:$BI$57,0))),0) | F9: =IFERROR(N(INDEX(Invoer!$G$38:$G$57,MATCH(3,Invoer!$BI$38:$BI$57,0))),0) | G9: =IFERROR(N(INDEX(Invoer!$H$38:$H$57,MATCH(3,Invoer!$BI$38:$BI$57,0))),0) | H9: =IFERROR(N(INDEX(Invoer!$I$38:$I$57,MATCH(3,Invoer!$BI$38:$BI$57,0))),0) | I9: =IFERROR(N(INDEX(Invoer!$J$38:$J$57,MATCH(3,Invoer!$BI$38:$BI$57,0))),0) | J9: =IFERROR(N(INDEX(Invoer!$K$38:$K$57,MATCH(3,Invoer!$BI$38:$BI$57,0))),0) | K9: =IFERROR(IF(INDEX(Invoer!$L$38:$L$57,MATCH(3,Invoer!$BI$38:$BI$57,0))="","",INDEX(Invoer!$L$38:$L$57,MATCH(3,Invoer!$BI$38:$BI$57,0))),"") | L9: =IFERROR(N(INDEX(Invoer!$M$38:$M$57,MATCH(3,Invoer!$BI$38:$BI$57,0))),0) | M9: =IFERROR(IF(INDEX(Invoer!$BS$38:$BS$57,MATCH(3,Invoer!$BI$38:$BI$57,0))="","",INDEX(Invoer!$BS$38:$BS$57,MATCH(3,Invoer!$BI$38:$BI$57,0))),"") | N9: =IFERROR(IF(INDEX(Invoer!$BT$38:$BT$57,MATCH(3,Invoer!$BI$38:$BI$57,0))="","",INDEX(Invoer!$BT$38:$BT$57,MATCH(3,Invoer!$BI$38:$BI$57,0))),"") | P9: =IFERROR(IF(INDEX(Invoer!$Q$38:$Q$57,MATCH(3,Invoer!$BI$38:$BI$57,0))="","",INDEX(Invoer!$Q$38:$Q$57,MATCH(3,Invoer!$BI$38:$BI$57,0))),"") | R9: =IFERROR(IF(INDEX(Invoer!$R$38:$R$57,MATCH(3,Invoer!$BI$38:$BI$57,0))="","",INDEX(Invoer!$R$38:$R$57,MATCH(3,Invoer!$BI$38:$BI$57,0))),"") | T9: =IFERROR(IF(INDEX(Invoer!$P$38:$P$57,MATCH(3,Invoer!$BI$38:$BI$57,0))="","",INDEX(Invoer!$P$38:$P$57,MATCH(3,Invoer!$BI$38:$BI$57,0))),"") | V9: =IFERROR(N(INDEX(Invoer!$S$38:$S$57,MATCH(3,Invoer!$BI$38:$BI$57,0))),0) | W9: =IFERROR(IF(INDEX(Invoer!$T$38:$T$57,MATCH(3,Invoer!$BI$38:$BI$57,0))="","",INDEX(Invoer!$T$38:$T$57,MATCH(3,Invoer!$BI$38:$BI$57,0))),"") | Y9: =IFERROR(IF(INDEX(Invoer!$U$38:$U$57,MATCH(3,Invoer!$BI$38:$BI$57,0))="","",INDEX(Invoer!$U$38:$U$57,MATCH(3,Invoer!$BI$38:$BI$57,0))),"") | Z9: =IFERROR(IF(INDEX(Invoer!$V$38:$V$57,MATCH(3,Invoer!$BI$38:$BI$57,0))="","",INDEX(Invoer!$V$38:$V$57,MATCH(3,Invoer!$BI$38:$BI$57,0))),"") | AA9: =IFERROR(IF(INDEX(Invoer!$W$38:$W$57,MATCH(3,Invoer!$BI$38:$BI$57,0))="","",INDEX(Invoer!$W$38:$W$57,MATCH(3,Invoer!$BI$38:$BI$57,0))),"") | AC9: =IFERROR(N(INDEX(Invoer!$X$38:$X$57,MATCH(3,Invoer!$BI$38:$BI$57,0))),0) | AD9: =IFERROR(N(INDEX(Invoer!$Y$38:$Y$57,MATCH(3,Invoer!$BI$38:$BI$57,0))),0) | AE9: =IFERROR(N(INDEX(Invoer!$Z$38:$Z$57,MATCH(3,Invoer!$BI$38:$BI$57,0))),0) | AF9: =IFERROR(N(INDEX(Invoer!$AA$38:$AA$57,MATCH(3,Invoer!$BI$38:$BI$57,0))),0) | AG9: =IFERROR(N(INDEX(Invoer!$AB$38:$AB$57,MATCH(3,Invoer!$BI$38:$BI$57,0))),0) | AH9: =IFERROR(N(INDEX(Invoer!$AC$38:$AC$57,MATCH(3,Invoer!$BI$38:$BI$57,0))),0) | AJ9: =IFERROR(N(INDEX(Invoer!$BC$38:$BC$57,MATCH(3,Invoer!$BI$38:$BI$57,0))),0) | AL9: =IFERROR(N(INDEX(Invoer!$BD$38:$BD$57,MATCH(3,Invoer!$BI$38:$BI$57,0))),0) | AN9: =IFERROR(N(INDEX(Invoer!$AD$38:$AD$57,MATCH(3,Invoer!$BI$38:$BI$57,0))),0) | AP9: =(($AC$5*(IF(ISNUMBER($AC9),$AC9,0))+$AD$5*(IF(ISNUMBER($AD9),$AD9,0))+$AE$5*(IF(ISNUMBER($AE9),$AE9,0))+$AF$5*(IF(ISNUMBER($AF9),$AF9,0))+$AG$5*(IF(ISNUMBER($AG9),$AG9,0))+$AH$5*(IF(ISNUMBER($AH9),$AH9,0)))+(IF(ISNUMBER($AN9),$AN9,0)))*(IF(W9="j",1,IF(W9="m",12,IF(W9="w",52,IF(W9="d",365,0)))))*V9 | AR9: =IFERROR(N(INDEX(Invoer!$AL$38:$AL$57,MATCH(3,Invoer!$BI$38:$BI$57,0))),0) | AS9: =IFERROR(N(INDEX(Invoer!$AM$38:$AM$57,MATCH(3,Invoer!$BI$38:$BI$57,0))),0) | AT9: =IFERROR(N(INDEX(Invoer!$AN$38:$AN$57,MATCH(3,Invoer!$BI$38:$BI$57,0))),0) | AV9: =$AR9+$AS9+$AT9 | AX9: =IFERROR(IF(INDEX(Invoer!$BE$38:$BE$57,MATCH(3,Invoer!$BI$38:$BI$57,0))="","",INDEX(Invoer!$BE$38:$BE$57,MATCH(3,Invoer!$BI$38:$BI$57,0))),"")
A10: =IFERROR(N(INDEX(Invoer!$B$38:$B$57,MATCH(4,Invoer!$BI$38:$BI$57,0))),0) | B10: =IFERROR(N(INDEX(Invoer!$C$38:$C$57,MATCH(4,Invoer!$BI$38:$BI$57,0))),0) | C10: =IFERROR(N(INDEX(Invoer!$D$38:$D$57,MATCH(4,Invoer!$BI$38:$BI$57,0))),0) | D10: =IFERROR(N(INDEX(Invoer!$E$38:$E$57,MATCH(4,Invoer!$BI$38:$BI$57,0))),0) | E10: =IFERROR(N(INDEX(Invoer!$F$38:$F$57,MATCH(4,Invoer!$BI$38:$BI$57,0))),0) | F10: =IFERROR(N(INDEX(Invoer!$G$38:$G$57,MATCH(4,Invoer!$BI$38:$BI$57,0))),0) | G10: =IFERROR(N(INDEX(Invoer!$H$38:$H$57,MATCH(4,Invoer!$BI$38:$BI$57,0))),0) | H10: =IFERROR(N(INDEX(Invoer!$I$38:$I$57,MATCH(4,Invoer!$BI$38:$BI$57,0))),0) | I10: =IFERROR(N(INDEX(Invoer!$J$38:$J$57,MATCH(4,Invoer!$BI$38:$BI$57,0))),0) | J10: =IFERROR(N(INDEX(Invoer!$K$38:$K$57,MATCH(4,Invoer!$BI$38:$BI$57,0))),0) | K10: =IFERROR(IF(INDEX(Invoer!$L$38:$L$57,MATCH(4,Invoer!$BI$38:$BI$57,0))="","",INDEX(Invoer!$L$38:$L$57,MATCH(4,Invoer!$BI$38:$BI$57,0))),"") | L10: =IFERROR(N(INDEX(Invoer!$M$38:$M$57,MATCH(4,Invoer!$BI$38:$BI$57,0))),0) | M10: =IFERROR(IF(INDEX(Invoer!$BS$38:$BS$57,MATCH(4,Invoer!$BI$38:$BI$57,0))="","",INDEX(Invoer!$BS$38:$BS$57,MATCH(4,Invoer!$BI$38:$BI$57,0))),"") | N10: =IFERROR(IF(INDEX(Invoer!$BT$38:$BT$57,MATCH(4,Invoer!$BI$38:$BI$57,0))="","",INDEX(Invoer!$BT$38:$BT$57,MATCH(4,Invoer!$BI$38:$BI$57,0))),"") | P10: =IFERROR(IF(INDEX(Invoer!$Q$38:$Q$57,MATCH(4,Invoer!$BI$38:$BI$57,0))="","",INDEX(Invoer!$Q$38:$Q$57,MATCH(4,Invoer!$BI$38:$BI$57,0))),"") | R10: =IFERROR(IF(INDEX(Invoer!$R$38:$R$57,MATCH(4,Invoer!$BI$38:$BI$57,0))="","",INDEX(Invoer!$R$38:$R$57,MATCH(4,Invoer!$BI$38:$BI$57,0))),"") | T10: =IFERROR(IF(INDEX(Invoer!$P$38:$P$57,MATCH(4,Invoer!$BI$38:$BI$57,0))="","",INDEX(Invoer!$P$38:$P$57,MATCH(4,Invoer!$BI$38:$BI$57,0))),"") | V10: =IFERROR(N(INDEX(Invoer!$S$38:$S$57,MATCH(4,Invoer!$BI$38:$BI$57,0))),0) | W10: =IFERROR(IF(INDEX(Invoer!$T$38:$T$57,MATCH(4,Invoer!$BI$38:$BI$57,0))="","",INDEX(Invoer!$T$38:$T$57,MATCH(4,Invoer!$BI$38:$BI$57,0))),"") | Y10: =IFERROR(IF(INDEX(Invoer!$U$38:$U$57,MATCH(4,Invoer!$BI$38:$BI$57,0))="","",INDEX(Invoer!$U$38:$U$57,MATCH(4,Invoer!$BI$38:$BI$57,0))),"") | Z10: =IFERROR(IF(INDEX(Invoer!$V$38:$V$57,MATCH(4,Invoer!$BI$38:$BI$57,0))="","",INDEX(Invoer!$V$38:$V$57,MATCH(4,Invoer!$BI$38:$BI$57,0))),"") | AA10: =IFERROR(IF(INDEX(Invoer!$W$38:$W$57,MATCH(4,Invoer!$BI$38:$BI$57,0))="","",INDEX(Invoer!$W$38:$W$57,MATCH(4,Invoer!$BI$38:$BI$57,0))),"") | AC10: =IFERROR(N(INDEX(Invoer!$X$38:$X$57,MATCH(4,Invoer!$BI$38:$BI$57,0))),0) | AD10: =IFERROR(N(INDEX(Invoer!$Y$38:$Y$57,MATCH(4,Invoer!$BI$38:$BI$57,0))),0) | AE10: =IFERROR(N(INDEX(Invoer!$Z$38:$Z$57,MATCH(4,Invoer!$BI$38:$BI$57,0))),0) | AF10: =IFERROR(N(INDEX(Invoer!$AA$38:$AA$57,MATCH(4,Invoer!$BI$38:$BI$57,0))),0) | AG10: =IFERROR(N(INDEX(Invoer!$AB$38:$AB$57,MATCH(4,Invoer!$BI$38:$BI$57,0))),0) | AH10: =IFERROR(N(INDEX(Invoer!$AC$38:$AC$57,MATCH(4,Invoer!$BI$38:$BI$57,0))),0) | AJ10: =IFERROR(N(INDEX(Invoer!$BC$38:$BC$57,MATCH(4,Invoer!$BI$38:$BI$57,0))),0) | AL10: =IFERROR(N(INDEX(Invoer!$BD$38:$BD$57,MATCH(4,Invoer!$BI$38:$BI$57,0))),0) | AN10: =IFERROR(N(INDEX(Invoer!$AD$38:$AD$57,MATCH(4,Invoer!$BI$38:$BI$57,0))),0) | AP10: =(($AC$5*(IF(ISNUMBER($AC10),$AC10,0))+$AD$5*(IF(ISNUMBER($AD10),$AD10,0))+$AE$5*(IF(ISNUMBER($AE10),$AE10,0))+$AF$5*(IF(ISNUMBER($AF10),$AF10,0))+$AG$5*(IF(ISNUMBER($AG10),$AG10,0))+$AH$5*(IF(ISNUMBER($AH10),$AH10,0)))+(IF(ISNUMBER($AN10),$AN10,0)))*(IF(W10="j",1,IF(W10="m",12,IF(W10="w",52,IF(W10="d",365,0)))))*V10 | AR10: =IFERROR(N(INDEX(Invoer!$AL$38:$AL$57,MATCH(4,Invoer!$BI$38:$BI$57,0))),0) | AS10: =IFERROR(N(INDEX(Invoer!$AM$38:$AM$57,MATCH(4,Invoer!$BI$38:$BI$57,0))),0) | AT10: =IFERROR(N(INDEX(Invoer!$AN$38:$AN$57,MATCH(4,Invoer!$BI$38:$BI$57,0))),0) | AV10: =$AR10+$AS10+$AT10 | AX10: =IFERROR(IF(INDEX(Invoer!$BE$38:$BE$57,MATCH(4,Invoer!$BI$38:$BI$57,0))="","",INDEX(Invoer!$BE$38:$BE$57,MATCH(4,Invoer!$BI$38:$BI$57,0))),"")
A11: =IFERROR(N(INDEX(Invoer!$B$38:$B$57,MATCH(5,Invoer!$BI$38:$BI$57,0))),0) | B11: =IFERROR(N(INDEX(Invoer!$C$38:$C$57,MATCH(5,Invoer!$BI$38:$BI$57,0))),0) | C11: =IFERROR(N(INDEX(Invoer!$D$38:$D$57,MATCH(5,Invoer!$BI$38:$BI$57,0))),0) | D11: =IFERROR(N(INDEX(Invoer!$E$38:$E$57,MATCH(5,Invoer!$BI$38:$BI$57,0))),0) | E11: =IFERROR(N(INDEX(Invoer!$F$38:$F$57,MATCH(5,Invoer!$BI$38:$BI$57,0))),0) | F11: =IFERROR(N(INDEX(Invoer!$G$38:$G$57,MATCH(5,Invoer!$BI$38:$BI$57,0))),0) | G11: =IFERROR(N(INDEX(Invoer!$H$38:$H$57,MATCH(5,Invoer!$BI$38:$BI$57,0))),0) | H11: =IFERROR(N(INDEX(Invoer!$I$38:$I$57,MATCH(5,Invoer!$BI$38:$BI$57,0))),0) | I11: =IFERROR(N(INDEX(Invoer!$J$38:$J$57,MATCH(5,Invoer!$BI$38:$BI$57,0))),0) | J11: =IFERROR(N(INDEX(Invoer!$K$38:$K$57,MATCH(5,Invoer!$BI$38:$BI$57,0))),0) | K11: =IFERROR(IF(INDEX(Invoer!$L$38:$L$57,MATCH(5,Invoer!$BI$38:$BI$57,0))="","",INDEX(Invoer!$L$38:$L$57,MATCH(5,Invoer!$BI$38:$BI$57,0))),"") | L11: =IFERROR(N(INDEX(Invoer!$M$38:$M$57,MATCH(5,Invoer!$BI$38:$BI$57,0))),0) | M11: =IFERROR(IF(INDEX(Invoer!$BS$38:$BS$57,MATCH(5,Invoer!$BI$38:$BI$57,0))="","",INDEX(Invoer!$BS$38:$BS$57,MATCH(5,Invoer!$BI$38:$BI$57,0))),"") | N11: =IFERROR(IF(INDEX(Invoer!$BT$38:$BT$57,MATCH(5,Invoer!$BI$38:$BI$57,0))="","",INDEX(Invoer!$BT$38:$BT$57,MATCH(5,Invoer!$BI$38:$BI$57,0))),"") | P11: =IFERROR(IF(INDEX(Invoer!$Q$38:$Q$57,MATCH(5,Invoer!$BI$38:$BI$57,0))="","",INDEX(Invoer!$Q$38:$Q$57,MATCH(5,Invoer!$BI$38:$BI$57,0))),"") | R11: =IFERROR(IF(INDEX(Invoer!$R$38:$R$57,MATCH(5,Invoer!$BI$38:$BI$57,0))="","",INDEX(Invoer!$R$38:$R$57,MATCH(5,Invoer!$BI$38:$BI$57,0))),"") | T11: =IFERROR(IF(INDEX(Invoer!$P$38:$P$57,MATCH(5,Invoer!$BI$38:$BI$57,0))="","",INDEX(Invoer!$P$38:$P$57,MATCH(5,Invoer!$BI$38:$BI$57,0))),"") | V11: =IFERROR(N(INDEX(Invoer!$S$38:$S$57,MATCH(5,Invoer!$BI$38:$BI$57,0))),0) | W11: =IFERROR(IF(INDEX(Invoer!$T$38:$T$57,MATCH(5,Invoer!$BI$38:$BI$57,0))="","",INDEX(Invoer!$T$38:$T$57,MATCH(5,Invoer!$BI$38:$BI$57,0))),"") | Y11: =IFERROR(IF(INDEX(Invoer!$U$38:$U$57,MATCH(5,Invoer!$BI$38:$BI$57,0))="","",INDEX(Invoer!$U$38:$U$57,MATCH(5,Invoer!$BI$38:$BI$57,0))),"") | Z11: =IFERROR(IF(INDEX(Invoer!$V$38:$V$57,MATCH(5,Invoer!$BI$38:$BI$57,0))="","",INDEX(Invoer!$V$38:$V$57,MATCH(5,Invoer!$BI$38:$BI$57,0))),"") | AA11: =IFERROR(IF(INDEX(Invoer!$W$38:$W$57,MATCH(5,Invoer!$BI$38:$BI$57,0))="","",INDEX(Invoer!$W$38:$W$57,MATCH(5,Invoer!$BI$38:$BI$57,0))),"") | AC11: =IFERROR(N(INDEX(Invoer!$X$38:$X$57,MATCH(5,Invoer!$BI$38:$BI$57,0))),0) | AD11: =IFERROR(N(INDEX(Invoer!$Y$38:$Y$57,MATCH(5,Invoer!$BI$38:$BI$57,0))),0) | AE11: =IFERROR(N(INDEX(Invoer!$Z$38:$Z$57,MATCH(5,Invoer!$BI$38:$BI$57,0))),0) | AF11: =IFERROR(N(INDEX(Invoer!$AA$38:$AA$57,MATCH(5,Invoer!$BI$38:$BI$57,0))),0) | AG11: =IFERROR(N(INDEX(Invoer!$AB$38:$AB$57,MATCH(5,Invoer!$BI$38:$BI$57,0))),0) | AH11: =IFERROR(N(INDEX(Invoer!$AC$38:$AC$57,MATCH(5,Invoer!$BI$38:$BI$57,0))),0) | AJ11: =IFERROR(N(INDEX(Invoer!$BC$38:$BC$57,MATCH(5,Invoer!$BI$38:$BI$57,0))),0) | AL11: =IFERROR(N(INDEX(Invoer!$BD$38:$BD$57,MATCH(5,Invoer!$BI$38:$BI$57,0))),0) | AN11: =IFERROR(N(INDEX(Invoer!$AD$38:$AD$57,MATCH(5,Invoer!$BI$38:$BI$57,0))),0) | AP11: =(($AC$5*(IF(ISNUMBER($AC11),$AC11,0))+$AD$5*(IF(ISNUMBER($AD11),$AD11,0))+$AE$5*(IF(ISNUMBER($AE11),$AE11,0))+$AF$5*(IF(ISNUMBER($AF11),$AF11,0))+$AG$5*(IF(ISNUMBER($AG11),$AG11,0))+$AH$5*(IF(ISNUMBER($AH11),$AH11,0)))+(IF(ISNUMBER($AN11),$AN11,0)))*(IF(W11="j",1,IF(W11="m",12,IF(W11="w",52,IF(W11="d",365,0)))))*V11 | AR11: =IFERROR(N(INDEX(Invoer!$AL$38:$AL$57,MATCH(5,Invoer!$BI$38:$BI$57,0))),0) | AS11: =IFERROR(N(INDEX(Invoer!$AM$38:$AM$57,MATCH(5,Invoer!$BI$38:$BI$57,0))),0) | AT11: =IFERROR(N(INDEX(Invoer!$AN$38:$AN$57,MATCH(5,Invoer!$BI$38:$BI$57,0))),0) | AV11: =$AR11+$AS11+$AT11 | AX11: =IFERROR(IF(INDEX(Invoer!$BE$38:$BE$57,MATCH(5,Invoer!$BI$38:$BI$57,0))="","",INDEX(Invoer!$BE$38:$BE$57,MATCH(5,Invoer!$BI$38:$BI$57,0))),"")
A12: =IFERROR(N(INDEX(Invoer!$B$38:$B$57,MATCH(6,Invoer!$BI$38:$BI$57,0))),0) | B12: =IFERROR(N(INDEX(Invoer!$C$38:$C$57,MATCH(6,Invoer!$BI$38:$BI$57,0))),0) | C12: =IFERROR(N(INDEX(Invoer!$D$38:$D$57,MATCH(6,Invoer!$BI$38:$BI$57,0))),0) | D12: =IFERROR(N(INDEX(Invoer!$E$38:$E$57,MATCH(6,Invoer!$BI$38:$BI$57,0))),0) | E12: =IFERROR(N(INDEX(Invoer!$F$38:$F$57,MATCH(6,Invoer!$BI$38:$BI$57,0))),0) | F12: =IFERROR(N(INDEX(Invoer!$G$38:$G$57,MATCH(6,Invoer!$BI$38:$BI$57,0))),0) | G12: =IFERROR(N(INDEX(Invoer!$H$38:$H$57,MATCH(6,Invoer!$BI$38:$BI$57,0))),0) | H12: =IFERROR(N(INDEX(Invoer!$I$38:$I$57,MATCH(6,Invoer!$BI$38:$BI$57,0))),0) | I12: =IFERROR(N(INDEX(Invoer!$J$38:$J$57,MATCH(6,Invoer!$BI$38:$BI$57,0))),0) | J12: =IFERROR(N(INDEX(Invoer!$K$38:$K$57,MATCH(6,Invoer!$BI$38:$BI$57,0))),0) | K12: =IFERROR(IF(INDEX(Invoer!$L$38:$L$57,MATCH(6,Invoer!$BI$38:$BI$57,0))="","",INDEX(Invoer!$L$38:$L$57,MATCH(6,Invoer!$BI$38:$BI$57,0))),"") | L12: =IFERROR(N(INDEX(Invoer!$M$38:$M$57,MATCH(6,Invoer!$BI$38:$BI$57,0))),0) | M12: =IFERROR(IF(INDEX(Invoer!$BS$38:$BS$57,MATCH(6,Invoer!$BI$38:$BI$57,0))="","",INDEX(Invoer!$BS$38:$BS$57,MATCH(6,Invoer!$BI$38:$BI$57,0))),"") | N12: =IFERROR(IF(INDEX(Invoer!$BT$38:$BT$57,MATCH(6,Invoer!$BI$38:$BI$57,0))="","",INDEX(Invoer!$BT$38:$BT$57,MATCH(6,Invoer!$BI$38:$BI$57,0))),"") | P12: =IFERROR(IF(INDEX(Invoer!$Q$38:$Q$57,MATCH(6,Invoer!$BI$38:$BI$57,0))="","",INDEX(Invoer!$Q$38:$Q$57,MATCH(6,Invoer!$BI$38:$BI$57,0))),"") | R12: =IFERROR(IF(INDEX(Invoer!$R$38:$R$57,MATCH(6,Invoer!$BI$38:$BI$57,0))="","",INDEX(Invoer!$R$38:$R$57,MATCH(6,Invoer!$BI$38:$BI$57,0))),"") | T12: =IFERROR(IF(INDEX(Invoer!$P$38:$P$57,MATCH(6,Invoer!$BI$38:$BI$57,0))="","",INDEX(Invoer!$P$38:$P$57,MATCH(6,Invoer!$BI$38:$BI$57,0))),"") | V12: =IFERROR(N(INDEX(Invoer!$S$38:$S$57,MATCH(6,Invoer!$BI$38:$BI$57,0))),0) | W12: =IFERROR(IF(INDEX(Invoer!$T$38:$T$57,MATCH(6,Invoer!$BI$38:$BI$57,0))="","",INDEX(Invoer!$T$38:$T$57,MATCH(6,Invoer!$BI$38:$BI$57,0))),"") | Y12: =IFERROR(IF(INDEX(Invoer!$U$38:$U$57,MATCH(6,Invoer!$BI$38:$BI$57,0))="","",INDEX(Invoer!$U$38:$U$57,MATCH(6,Invoer!$BI$38:$BI$57,0))),"") | Z12: =IFERROR(IF(INDEX(Invoer!$V$38:$V$57,MATCH(6,Invoer!$BI$38:$BI$57,0))="","",INDEX(Invoer!$V$38:$V$57,MATCH(6,Invoer!$BI$38:$BI$57,0))),"") | AA12: =IFERROR(IF(INDEX(Invoer!$W$38:$W$57,MATCH(6,Invoer!$BI$38:$BI$57,0))="","",INDEX(Invoer!$W$38:$W$57,MATCH(6,Invoer!$BI$38:$BI$57,0))),"") | AC12: =IFERROR(N(INDEX(Invoer!$X$38:$X$57,MATCH(6,Invoer!$BI$38:$BI$57,0))),0) | AD12: =IFERROR(N(INDEX(Invoer!$Y$38:$Y$57,MATCH(6,Invoer!$BI$38:$BI$57,0))),0) | AE12: =IFERROR(N(INDEX(Invoer!$Z$38:$Z$57,MATCH(6,Invoer!$BI$38:$BI$57,0))),0) | AF12: =IFERROR(N(INDEX(Invoer!$AA$38:$AA$57,MATCH(6,Invoer!$BI$38:$BI$57,0))),0) | AG12: =IFERROR(N(INDEX(Invoer!$AB$38:$AB$57,MATCH(6,Invoer!$BI$38:$BI$57,0))),0) | AH12: =IFERROR(N(INDEX(Invoer!$AC$38:$AC$57,MATCH(6,Invoer!$BI$38:$BI$57,0))),0) | AJ12: =IFERROR(N(INDEX(Invoer!$BC$38:$BC$57,MATCH(6,Invoer!$BI$38:$BI$57,0))),0) | AL12: =IFERROR(N(INDEX(Invoer!$BD$38:$BD$57,MATCH(6,Invoer!$BI$38:$BI$57,0))),0) | AN12: =IFERROR(N(INDEX(Invoer!$AD$38:$AD$57,MATCH(6,Invoer!$BI$38:$BI$57,0))),0) | AP12: =(($AC$5*(IF(ISNUMBER($AC12),$AC12,0))+$AD$5*(IF(ISNUMBER($AD12),$AD12,0))+$AE$5*(IF(ISNUMBER($AE12),$AE12,0))+$AF$5*(IF(ISNUMBER($AF12),$AF12,0))+$AG$5*(IF(ISNUMBER($AG12),$AG12,0))+$AH$5*(IF(ISNUMBER($AH12),$AH12,0)))+(IF(ISNUMBER($AN12),$AN12,0)))*(IF(W12="j",1,IF(W12="m",12,IF(W12="w",52,IF(W12="d",365,0)))))*V12 | AR12: =IFERROR(N(INDEX(Invoer!$AL$38:$AL$57,MATCH(6,Invoer!$BI$38:$BI$57,0))),0) | AS12: =IFERROR(N(INDEX(Invoer!$AM$38:$AM$57,MATCH(6,Invoer!$BI$38:$BI$57,0))),0) | AT12: =IFERROR(N(INDEX(Invoer!$AN$38:$AN$57,MATCH(6,Invoer!$BI$38:$BI$57,0))),0) | AV12: =$AR12+$AS12+$AT12 | AX12: =IFERROR(IF(INDEX(Invoer!$BE$38:$BE$57,MATCH(6,Invoer!$BI$38:$BI$57,0))="","",INDEX(Invoer!$BE$38:$BE$57,MATCH(6,Invoer!$BI$38:$BI$57,0))),"")
A13: =IFERROR(N(INDEX(Invoer!$B$38:$B$57,MATCH(7,Invoer!$BI$38:$BI$57,0))),0) | B13: =IFERROR(N(INDEX(Invoer!$C$38:$C$57,MATCH(7,Invoer!$BI$38:$BI$57,0))),0) | C13: =IFERROR(N(INDEX(Invoer!$D$38:$D$57,MATCH(7,Invoer!$BI$38:$BI$57,0))),0) | D13: =IFERROR(N(INDEX(Invoer!$E$38:$E$57,MATCH(7,Invoer!$BI$38:$BI$57,0))),0) | E13: =IFERROR(N(INDEX(Invoer!$F$38:$F$57,MATCH(7,Invoer!$BI$38:$BI$57,0))),0) | F13: =IFERROR(N(INDEX(Invoer!$G$38:$G$57,MATCH(7,Invoer!$BI$38:$BI$57,0))),0) | G13: =IFERROR(N(INDEX(Invoer!$H$38:$H$57,MATCH(7,Invoer!$BI$38:$BI$57,0))),0) | H13: =IFERROR(N(INDEX(Invoer!$I$38:$I$57,MATCH(7,Invoer!$BI$38:$BI$57,0))),0) | I13: =IFERROR(N(INDEX(Invoer!$J$38:$J$57,MATCH(7,Invoer!$BI$38:$BI$57,0))),0) | J13: =IFERROR(N(INDEX(Invoer!$K$38:$K$57,MATCH(7,Invoer!$BI$38:$BI$57,0))),0) | K13: =IFERROR(IF(INDEX(Invoer!$L$38:$L$57,MATCH(7,Invoer!$BI$38:$BI$57,0))="","",INDEX(Invoer!$L$38:$L$57,MATCH(7,Invoer!$BI$38:$BI$57,0))),"") | L13: =IFERROR(N(INDEX(Invoer!$M$38:$M$57,MATCH(7,Invoer!$BI$38:$BI$57,0))),0) | M13: =IFERROR(IF(INDEX(Invoer!$BS$38:$BS$57,MATCH(7,Invoer!$BI$38:$BI$57,0))="","",INDEX(Invoer!$BS$38:$BS$57,MATCH(7,Invoer!$BI$38:$BI$57,0))),"") | N13: =IFERROR(IF(INDEX(Invoer!$BT$38:$BT$57,MATCH(7,Invoer!$BI$38:$BI$57,0))="","",INDEX(Invoer!$BT$38:$BT$57,MATCH(7,Invoer!$BI$38:$BI$57,0))),"") | P13: =IFERROR(IF(INDEX(Invoer!$Q$38:$Q$57,MATCH(7,Invoer!$BI$38:$BI$57,0))="","",INDEX(Invoer!$Q$38:$Q$57,MATCH(7,Invoer!$BI$38:$BI$57,0))),"") | R13: =IFERROR(IF(INDEX(Invoer!$R$38:$R$57,MATCH(7,Invoer!$BI$38:$BI$57,0))="","",INDEX(Invoer!$R$38:$R$57,MATCH(7,Invoer!$BI$38:$BI$57,0))),"") | T13: =IFERROR(IF(INDEX(Invoer!$P$38:$P$57,MATCH(7,Invoer!$BI$38:$BI$57,0))="","",INDEX(Invoer!$P$38:$P$57,MATCH(7,Invoer!$BI$38:$BI$57,0))),"") | V13: =IFERROR(N(INDEX(Invoer!$S$38:$S$57,MATCH(7,Invoer!$BI$38:$BI$57,0))),0) | W13: =IFERROR(IF(INDEX(Invoer!$T$38:$T$57,MATCH(7,Invoer!$BI$38:$BI$57,0))="","",INDEX(Invoer!$T$38:$T$57,MATCH(7,Invoer!$BI$38:$BI$57,0))),"") | Y13: =IFERROR(IF(INDEX(Invoer!$U$38:$U$57,MATCH(7,Invoer!$BI$38:$BI$57,0))="","",INDEX(Invoer!$U$38:$U$57,MATCH(7,Invoer!$BI$38:$BI$57,0))),"") | Z13: =IFERROR(IF(INDEX(Invoer!$V$38:$V$57,MATCH(7,Invoer!$BI$38:$BI$57,0))="","",INDEX(Invoer!$V$38:$V$57,MATCH(7,Invoer!$BI$38:$BI$57,0))),"") | AA13: =IFERROR(IF(INDEX(Invoer!$W$38:$W$57,MATCH(7,Invoer!$BI$38:$BI$57,0))="","",INDEX(Invoer!$W$38:$W$57,MATCH(7,Invoer!$BI$38:$BI$57,0))),"") | AC13: =IFERROR(N(INDEX(Invoer!$X$38:$X$57,MATCH(7,Invoer!$BI$38:$BI$57,0))),0) | AD13: =IFERROR(N(INDEX(Invoer!$Y$38:$Y$57,MATCH(7,Invoer!$BI$38:$BI$57,0))),0) | AE13: =IFERROR(N(INDEX(Invoer!$Z$38:$Z$57,MATCH(7,Invoer!$BI$38:$BI$57,0))),0) | AF13: =IFERROR(N(INDEX(Invoer!$AA$38:$AA$57,MATCH(7,Invoer!$BI$38:$BI$57,0))),0) | AG13: =IFERROR(N(INDEX(Invoer!$AB$38:$AB$57,MATCH(7,Invoer!$BI$38:$BI$57,0))),0) | AH13: =IFERROR(N(INDEX(Invoer!$AC$38:$AC$57,MATCH(7,Invoer!$BI$38:$BI$57,0))),0) | AJ13: =IFERROR(N(INDEX(Invoer!$BC$38:$BC$57,MATCH(7,Invoer!$BI$38:$BI$57,0))),0) | AL13: =IFERROR(N(INDEX(Invoer!$BD$38:$BD$57,MATCH(7,Invoer!$BI$38:$BI$57,0))),0) | AN13: =IFERROR(N(INDEX(Invoer!$AD$38:$AD$57,MATCH(7,Invoer!$BI$38:$BI$57,0))),0) | AP13: =(($AC$5*(IF(ISNUMBER($AC13),$AC13,0))+$AD$5*(IF(ISNUMBER($AD13),$AD13,0))+$AE$5*(IF(ISNUMBER($AE13),$AE13,0))+$AF$5*(IF(ISNUMBER($AF13),$AF13,0))+$AG$5*(IF(ISNUMBER($AG13),$AG13,0))+$AH$5*(IF(ISNUMBER($AH13),$AH13,0)))+(IF(ISNUMBER($AN13),$AN13,0)))*(IF(W13="j",1,IF(W13="m",12,IF(W13="w",52,IF(W13="d",365,0)))))*V13 | AR13: =IFERROR(N(INDEX(Invoer!$AL$38:$AL$57,MATCH(7,Invoer!$BI$38:$BI$57,0))),0) | AS13: =IFERROR(N(INDEX(Invoer!$AM$38:$AM$57,MATCH(7,Invoer!$BI$38:$BI$57,0))),0) | AT13: =IFERROR(N(INDEX(Invoer!$AN$38:$AN$57,MATCH(7,Invoer!$BI$38:$BI$57,0))),0) | AV13: =$AR13+$AS13+$AT13 | AX13: =IFERROR(IF(INDEX(Invoer!$BE$38:$BE$57,MATCH(7,Invoer!$BI$38:$BI$57,0))="","",INDEX(Invoer!$BE$38:$BE$57,MATCH(7,Invoer!$BI$38:$BI$57,0))),"")
A14: =IFERROR(N(INDEX(Invoer!$B$38:$B$57,MATCH(8,Invoer!$BI$38:$BI$57,0))),0) | B14: =IFERROR(N(INDEX(Invoer!$C$38:$C$57,MATCH(8,Invoer!$BI$38:$BI$57,0))),0) | C14: =IFERROR(N(INDEX(Invoer!$D$38:$D$57,MATCH(8,Invoer!$BI$38:$BI$57,0))),0) | D14: =IFERROR(N(INDEX(Invoer!$E$38:$E$57,MATCH(8,Invoer!$BI$38:$BI$57,0))),0) | E14: =IFERROR(N(INDEX(Invoer!$F$38:$F$57,MATCH(8,Invoer!$BI$38:$BI$57,0))),0) | F14: =IFERROR(N(INDEX(Invoer!$G$38:$G$57,MATCH(8,Invoer!$BI$38:$BI$57,0))),0) | G14: =IFERROR(N(INDEX(Invoer!$H$38:$H$57,MATCH(8,Invoer!$BI$38:$BI$57,0))),0) | H14: =IFERROR(N(INDEX(Invoer!$I$38:$I$57,MATCH(8,Invoer!$BI$38:$BI$57,0))),0) | I14: =IFERROR(N(INDEX(Invoer!$J$38:$J$57,MATCH(8,Invoer!$BI$38:$BI$57,0))),0) | J14: =IFERROR(N(INDEX(Invoer!$K$38:$K$57,MATCH(8,Invoer!$BI$38:$BI$57,0))),0) | K14: =IFERROR(IF(INDEX(Invoer!$L$38:$L$57,MATCH(8,Invoer!$BI$38:$BI$57,0))="","",INDEX(Invoer!$L$38:$L$57,MATCH(8,Invoer!$BI$38:$BI$57,0))),"") | L14: =IFERROR(N(INDEX(Invoer!$M$38:$M$57,MATCH(8,Invoer!$BI$38:$BI$57,0))),0) | M14: =IFERROR(IF(INDEX(Invoer!$BS$38:$BS$57,MATCH(8,Invoer!$BI$38:$BI$57,0))="","",INDEX(Invoer!$BS$38:$BS$57,MATCH(8,Invoer!$BI$38:$BI$57,0))),"") | N14: =IFERROR(IF(INDEX(Invoer!$BT$38:$BT$57,MATCH(8,Invoer!$BI$38:$BI$57,0))="","",INDEX(Invoer!$BT$38:$BT$57,MATCH(8,Invoer!$BI$38:$BI$57,0))),"") | P14: =IFERROR(IF(INDEX(Invoer!$Q$38:$Q$57,MATCH(8,Invoer!$BI$38:$BI$57,0))="","",INDEX(Invoer!$Q$38:$Q$57,MATCH(8,Invoer!$BI$38:$BI$57,0))),"") | R14: =IFERROR(IF(INDEX(Invoer!$R$38:$R$57,MATCH(8,Invoer!$BI$38:$BI$57,0))="","",INDEX(Invoer!$R$38:$R$57,MATCH(8,Invoer!$BI$38:$BI$57,0))),"") | T14: =IFERROR(IF(INDEX(Invoer!$P$38:$P$57,MATCH(8,Invoer!$BI$38:$BI$57,0))="","",INDEX(Invoer!$P$38:$P$57,MATCH(8,Invoer!$BI$38:$BI$57,0))),"") | V14: =IFERROR(N(INDEX(Invoer!$S$38:$S$57,MATCH(8,Invoer!$BI$38:$BI$57,0))),0) | W14: =IFERROR(IF(INDEX(Invoer!$T$38:$T$57,MATCH(8,Invoer!$BI$38:$BI$57,0))="","",INDEX(Invoer!$T$38:$T$57,MATCH(8,Invoer!$BI$38:$BI$57,0))),"") | Y14: =IFERROR(IF(INDEX(Invoer!$U$38:$U$57,MATCH(8,Invoer!$BI$38:$BI$57,0))="","",INDEX(Invoer!$U$38:$U$57,MATCH(8,Invoer!$BI$38:$BI$57,0))),"") | Z14: =IFERROR(IF(INDEX(Invoer!$V$38:$V$57,MATCH(8,Invoer!$BI$38:$BI$57,0))="","",INDEX(Invoer!$V$38:$V$57,MATCH(8,Invoer!$BI$38:$BI$57,0))),"") | AA14: =IFERROR(IF(INDEX(Invoer!$W$38:$W$57,MATCH(8,Invoer!$BI$38:$BI$57,0))="","",INDEX(Invoer!$W$38:$W$57,MATCH(8,Invoer!$BI$38:$BI$57,0))),"") | AC14: =IFERROR(N(INDEX(Invoer!$X$38:$X$57,MATCH(8,Invoer!$BI$38:$BI$57,0))),0) | AD14: =IFERROR(N(INDEX(Invoer!$Y$38:$Y$57,MATCH(8,Invoer!$BI$38:$BI$57,0))),0) | AE14: =IFERROR(N(INDEX(Invoer!$Z$38:$Z$57,MATCH(8,Invoer!$BI$38:$BI$57,0))),0) | AF14: =IFERROR(N(INDEX(Invoer!$AA$38:$AA$57,MATCH(8,Invoer!$BI$38:$BI$57,0))),0) | AG14: =IFERROR(N(INDEX(Invoer!$AB$38:$AB$57,MATCH(8,Invoer!$BI$38:$BI$57,0))),0) | AH14: =IFERROR(N(INDEX(Invoer!$AC$38:$AC$57,MATCH(8,Invoer!$BI$38:$BI$57,0))),0) | AJ14: =IFERROR(N(INDEX(Invoer!$BC$38:$BC$57,MATCH(8,Invoer!$BI$38:$BI$57,0))),0) | AL14: =IFERROR(N(INDEX(Invoer!$BD$38:$BD$57,MATCH(8,Invoer!$BI$38:$BI$57,0))),0) | AN14: =IFERROR(N(INDEX(Invoer!$AD$38:$AD$57,MATCH(8,Invoer!$BI$38:$BI$57,0))),0) | AP14: =(($AC$5*(IF(ISNUMBER($AC14),$AC14,0))+$AD$5*(IF(ISNUMBER($AD14),$AD14,0))+$AE$5*(IF(ISNUMBER($AE14),$AE14,0))+$AF$5*(IF(ISNUMBER($AF14),$AF14,0))+$AG$5*(IF(ISNUMBER($AG14),$AG14,0))+$AH$5*(IF(ISNUMBER($AH14),$AH14,0)))+(IF(ISNUMBER($AN14),$AN14,0)))*(IF(W14="j",1,IF(W14="m",12,IF(W14="w",52,IF(W14="d",365,0)))))*V14 | AR14: =IFERROR(N(INDEX(Invoer!$AL$38:$AL$57,MATCH(8,Invoer!$BI$38:$BI$57,0))),0) | AS14: =IFERROR(N(INDEX(Invoer!$AM$38:$AM$57,MATCH(8,Invoer!$BI$38:$BI$57,0))),0) | AT14: =IFERROR(N(INDEX(Invoer!$AN$38:$AN$57,MATCH(8,Invoer!$BI$38:$BI$57,0))),0) | AV14: =$AR14+$AS14+$AT14 | AX14: =IFERROR(IF(INDEX(Invoer!$BE$38:$BE$57,MATCH(8,Invoer!$BI$38:$BI$57,0))="","",INDEX(Invoer!$BE$38:$BE$57,MATCH(8,Invoer!$BI$38:$BI$57,0))),"")
A15: =IFERROR(N(INDEX(Invoer!$B$38:$B$57,MATCH(9,Invoer!$BI$38:$BI$57,0))),0) | B15: =IFERROR(N(INDEX(Invoer!$C$38:$C$57,MATCH(9,Invoer!$BI$38:$BI$57,0))),0) | C15: =IFERROR(N(INDEX(Invoer!$D$38:$D$57,MATCH(9,Invoer!$BI$38:$BI$57,0))),0) | D15: =IFERROR(N(INDEX(Invoer!$E$38:$E$57,MATCH(9,Invoer!$BI$38:$BI$57,0))),0) | E15: =IFERROR(N(INDEX(Invoer!$F$38:$F$57,MATCH(9,Invoer!$BI$38:$BI$57,0))),0) | F15: =IFERROR(N(INDEX(Invoer!$G$38:$G$57,MATCH(9,Invoer!$BI$38:$BI$57,0))),0) | G15: =IFERROR(N(INDEX(Invoer!$H$38:$H$57,MATCH(9,Invoer!$BI$38:$BI$57,0))),0) | H15: =IFERROR(N(INDEX(Invoer!$I$38:$I$57,MATCH(9,Invoer!$BI$38:$BI$57,0))),0) | I15: =IFERROR(N(INDEX(Invoer!$J$38:$J$57,MATCH(9,Invoer!$BI$38:$BI$57,0))),0) | J15: =IFERROR(N(INDEX(Invoer!$K$38:$K$57,MATCH(9,Invoer!$BI$38:$BI$57,0))),0) | K15: =IFERROR(IF(INDEX(Invoer!$L$38:$L$57,MATCH(9,Invoer!$BI$38:$BI$57,0))="","",INDEX(Invoer!$L$38:$L$57,MATCH(9,Invoer!$BI$38:$BI$57,0))),"") | L15: =IFERROR(N(INDEX(Invoer!$M$38:$M$57,MATCH(9,Invoer!$BI$38:$BI$57,0))),0) | M15: =IFERROR(IF(INDEX(Invoer!$BS$38:$BS$57,MATCH(9,Invoer!$BI$38:$BI$57,0))="","",INDEX(Invoer!$BS$38:$BS$57,MATCH(9,Invoer!$BI$38:$BI$57,0))),"") | N15: =IFERROR(IF(INDEX(Invoer!$BT$38:$BT$57,MATCH(9,Invoer!$BI$38:$BI$57,0))="","",INDEX(Invoer!$BT$38:$BT$57,MATCH(9,Invoer!$BI$38:$BI$57,0))),"") | P15: =IFERROR(IF(INDEX(Invoer!$Q$38:$Q$57,MATCH(9,Invoer!$BI$38:$BI$57,0))="","",INDEX(Invoer!$Q$38:$Q$57,MATCH(9,Invoer!$BI$38:$BI$57,0))),"") | R15: =IFERROR(IF(INDEX(Invoer!$R$38:$R$57,MATCH(9,Invoer!$BI$38:$BI$57,0))="","",INDEX(Invoer!$R$38:$R$57,MATCH(9,Invoer!$BI$38:$BI$57,0))),"") | T15: =IFERROR(IF(INDEX(Invoer!$P$38:$P$57,MATCH(9,Invoer!$BI$38:$BI$57,0))="","",INDEX(Invoer!$P$38:$P$57,MATCH(9,Invoer!$BI$38:$BI$57,0))),"") | V15: =IFERROR(N(INDEX(Invoer!$S$38:$S$57,MATCH(9,Invoer!$BI$38:$BI$57,0))),0) | W15: =IFERROR(IF(INDEX(Invoer!$T$38:$T$57,MATCH(9,Invoer!$BI$38:$BI$57,0))="","",INDEX(Invoer!$T$38:$T$57,MATCH(9,Invoer!$BI$38:$BI$57,0))),"") | Y15: =IFERROR(IF(INDEX(Invoer!$U$38:$U$57,MATCH(9,Invoer!$BI$38:$BI$57,0))="","",INDEX(Invoer!$U$38:$U$57,MATCH(9,Invoer!$BI$38:$BI$57,0))),"") | Z15: =IFERROR(IF(INDEX(Invoer!$V$38:$V$57,MATCH(9,Invoer!$BI$38:$BI$57,0))="","",INDEX(Invoer!$V$38:$V$57,MATCH(9,Invoer!$BI$38:$BI$57,0))),"") | AA15: =IFERROR(IF(INDEX(Invoer!$W$38:$W$57,MATCH(9,Invoer!$BI$38:$BI$57,0))="","",INDEX(Invoer!$W$38:$W$57,MATCH(9,Invoer!$BI$38:$BI$57,0))),"") | AC15: =IFERROR(N(INDEX(Invoer!$X$38:$X$57,MATCH(9,Invoer!$BI$38:$BI$57,0))),0) | AD15: =IFERROR(N(INDEX(Invoer!$Y$38:$Y$57,MATCH(9,Invoer!$BI$38:$BI$57,0))),0) | AE15: =IFERROR(N(INDEX(Invoer!$Z$38:$Z$57,MATCH(9,Invoer!$BI$38:$BI$57,0))),0) | AF15: =IFERROR(N(INDEX(Invoer!$AA$38:$AA$57,MATCH(9,Invoer!$BI$38:$BI$57,0))),0) | AG15: =IFERROR(N(INDEX(Invoer!$AB$38:$AB$57,MATCH(9,Invoer!$BI$38:$BI$57,0))),0) | AH15: =IFERROR(N(INDEX(Invoer!$AC$38:$AC$57,MATCH(9,Invoer!$BI$38:$BI$57,0))),0) | AJ15: =IFERROR(N(INDEX(Invoer!$BC$38:$BC$57,MATCH(9,Invoer!$BI$38:$BI$57,0))),0) | AL15: =IFERROR(N(INDEX(Invoer!$BD$38:$BD$57,MATCH(9,Invoer!$BI$38:$BI$57,0))),0) | AN15: =IFERROR(N(INDEX(Invoer!$AD$38:$AD$57,MATCH(9,Invoer!$BI$38:$BI$57,0))),0) | AP15: =(($AC$5*(IF(ISNUMBER($AC15),$AC15,0))+$AD$5*(IF(ISNUMBER($AD15),$AD15,0))+$AE$5*(IF(ISNUMBER($AE15),$AE15,0))+$AF$5*(IF(ISNUMBER($AF15),$AF15,0))+$AG$5*(IF(ISNUMBER($AG15),$AG15,0))+$AH$5*(IF(ISNUMBER($AH15),$AH15,0)))+(IF(ISNUMBER($AN15),$AN15,0)))*(IF(W15="j",1,IF(W15="m",12,IF(W15="w",52,IF(W15="d",365,0)))))*V15 | AR15: =IFERROR(N(INDEX(Invoer!$AL$38:$AL$57,MATCH(9,Invoer!$BI$38:$BI$57,0))),0) | AS15: =IFERROR(N(INDEX(Invoer!$AM$38:$AM$57,MATCH(9,Invoer!$BI$38:$BI$57,0))),0) | AT15: =IFERROR(N(INDEX(Invoer!$AN$38:$AN$57,MATCH(9,Invoer!$BI$38:$BI$57,0))),0) | AV15: =$AR15+$AS15+$AT15 | AX15: =IFERROR(IF(INDEX(Invoer!$BE$38:$BE$57,MATCH(9,Invoer!$BI$38:$BI$57,0))="","",INDEX(Invoer!$BE$38:$BE$57,MATCH(9,Invoer!$BI$38:$BI$57,0))),"")
A16: =IFERROR(N(INDEX(Invoer!$B$38:$B$57,MATCH(10,Invoer!$BI$38:$BI$57,0))),0) | B16: =IFERROR(N(INDEX(Invoer!$C$38:$C$57,MATCH(10,Invoer!$BI$38:$BI$57,0))),0) | C16: =IFERROR(N(INDEX(Invoer!$D$38:$D$57,MATCH(10,Invoer!$BI$38:$BI$57,0))),0) | D16: =IFERROR(N(INDEX(Invoer!$E$38:$E$57,MATCH(10,Invoer!$BI$38:$BI$57,0))),0) | E16: =IFERROR(N(INDEX(Invoer!$F$38:$F$57,MATCH(10,Invoer!$BI$38:$BI$57,0))),0) | F16: =IFERROR(N(INDEX(Invoer!$G$38:$G$57,MATCH(10,Invoer!$BI$38:$BI$57,0))),0) | G16: =IFERROR(N(INDEX(Invoer!$H$38:$H$57,MATCH(10,Invoer!$BI$38:$BI$57,0))),0) | H16: =IFERROR(N(INDEX(Invoer!$I$38:$I$57,MATCH(10,Invoer!$BI$38:$BI$57,0))),0) | I16: =IFERROR(N(INDEX(Invoer!$J$38:$J$57,MATCH(10,Invoer!$BI$38:$BI$57,0))),0) | J16: =IFERROR(N(INDEX(Invoer!$K$38:$K$57,MATCH(10,Invoer!$BI$38:$BI$57,0))),0) | K16: =IFERROR(IF(INDEX(Invoer!$L$38:$L$57,MATCH(10,Invoer!$BI$38:$BI$57,0))="","",INDEX(Invoer!$L$38:$L$57,MATCH(10,Invoer!$BI$38:$BI$57,0))),"") | L16: =IFERROR(N(INDEX(Invoer!$M$38:$M$57,MATCH(10,Invoer!$BI$38:$BI$57,0))),0) | M16: =IFERROR(IF(INDEX(Invoer!$BS$38:$BS$57,MATCH(10,Invoer!$BI$38:$BI$57,0))="","",INDEX(Invoer!$BS$38:$BS$57,MATCH(10,Invoer!$BI$38:$BI$57,0))),"") | N16: =IFERROR(IF(INDEX(Invoer!$BT$38:$BT$57,MATCH(10,Invoer!$BI$38:$BI$57,0))="","",INDEX(Invoer!$BT$38:$BT$57,MATCH(10,Invoer!$BI$38:$BI$57,0))),"") | P16: =IFERROR(IF(INDEX(Invoer!$Q$38:$Q$57,MATCH(10,Invoer!$BI$38:$BI$57,0))="","",INDEX(Invoer!$Q$38:$Q$57,MATCH(10,Invoer!$BI$38:$BI$57,0))),"") | R16: =IFERROR(IF(INDEX(Invoer!$R$38:$R$57,MATCH(10,Invoer!$BI$38:$BI$57,0))="","",INDEX(Invoer!$R$38:$R$57,MATCH(10,Invoer!$BI$38:$BI$57,0))),"") | T16: =IFERROR(IF(INDEX(Invoer!$P$38:$P$57,MATCH(10,Invoer!$BI$38:$BI$57,0))="","",INDEX(Invoer!$P$38:$P$57,MATCH(10,Invoer!$BI$38:$BI$57,0))),"") | V16: =IFERROR(N(INDEX(Invoer!$S$38:$S$57,MATCH(10,Invoer!$BI$38:$BI$57,0))),0) | W16: =IFERROR(IF(INDEX(Invoer!$T$38:$T$57,MATCH(10,Invoer!$BI$38:$BI$57,0))="","",INDEX(Invoer!$T$38:$T$57,MATCH(10,Invoer!$BI$38:$BI$57,0))),"") | Y16: =IFERROR(IF(INDEX(Invoer!$U$38:$U$57,MATCH(10,Invoer!$BI$38:$BI$57,0))="","",INDEX(Invoer!$U$38:$U$57,MATCH(10,Invoer!$BI$38:$BI$57,0))),"") | Z16: =IFERROR(IF(INDEX(Invoer!$V$38:$V$57,MATCH(10,Invoer!$BI$38:$BI$57,0))="","",INDEX(Invoer!$V$38:$V$57,MATCH(10,Invoer!$BI$38:$BI$57,0))),"") | AA16: =IFERROR(IF(INDEX(Invoer!$W$38:$W$57,MATCH(10,Invoer!$BI$38:$BI$57,0))="","",INDEX(Invoer!$W$38:$W$57,MATCH(10,Invoer!$BI$38:$BI$57,0))),"") | AC16: =IFERROR(N(INDEX(Invoer!$X$38:$X$57,MATCH(10,Invoer!$BI$38:$BI$57,0))),0) | AD16: =IFERROR(N(INDEX(Invoer!$Y$38:$Y$57,MATCH(10,Invoer!$BI$38:$BI$57,0))),0) | AE16: =IFERROR(N(INDEX(Invoer!$Z$38:$Z$57,MATCH(10,Invoer!$BI$38:$BI$57,0))),0) | AF16: =IFERROR(N(INDEX(Invoer!$AA$38:$AA$57,MATCH(10,Invoer!$BI$38:$BI$57,0))),0) | AG16: =IFERROR(N(INDEX(Invoer!$AB$38:$AB$57,MATCH(10,Invoer!$BI$38:$BI$57,0))),0) | AH16: =IFERROR(N(INDEX(Invoer!$AC$38:$AC$57,MATCH(10,Invoer!$BI$38:$BI$57,0))),0) | AJ16: =IFERROR(N(INDEX(Invoer!$BC$38:$BC$57,MATCH(10,Invoer!$BI$38:$BI$57,0))),0) | AL16: =IFERROR(N(INDEX(Invoer!$BD$38:$BD$57,MATCH(10,Invoer!$BI$38:$BI$57,0))),0) | AN16: =IFERROR(N(INDEX(Invoer!$AD$38:$AD$57,MATCH(10,Invoer!$BI$38:$BI$57,0))),0) | AP16: =(($AC$5*(IF(ISNUMBER($AC16),$AC16,0))+$AD$5*(IF(ISNUMBER($AD16),$AD16,0))+$AE$5*(IF(ISNUMBER($AE16),$AE16,0))+$AF$5*(IF(ISNUMBER($AF16),$AF16,0))+$AG$5*(IF(ISNUMBER($AG16),$AG16,0))+$AH$5*(IF(ISNUMBER($AH16),$AH16,0)))+(IF(ISNUMBER($AN16),$AN16,0)))*(IF(W16="j",1,IF(W16="m",12,IF(W16="w",52,IF(W16="d",365,0)))))*V16 | AR16: =IFERROR(N(INDEX(Invoer!$AL$38:$AL$57,MATCH(10,Invoer!$BI$38:$BI$57,0))),0) | AS16: =IFERROR(N(INDEX(Invoer!$AM$38:$AM$57,MATCH(10,Invoer!$BI$38:$BI$57,0))),0) | AT16: =IFERROR(N(INDEX(Invoer!$AN$38:$AN$57,MATCH(10,Invoer!$BI$38:$BI$57,0))),0) | AV16: =$AR16+$AS16+$AT16 | AX16: =IFERROR(IF(INDEX(Invoer!$BE$38:$BE$57,MATCH(10,Invoer!$BI$38:$BI$57,0))="","",INDEX(Invoer!$BE$38:$BE$57,MATCH(10,Invoer!$BI$38:$BI$57,0))),"")
A17: =IFERROR(N(INDEX(Invoer!$B$38:$B$57,MATCH(11,Invoer!$BI$38:$BI$57,0))),0) | B17: =IFERROR(N(INDEX(Invoer!$C$38:$C$57,MATCH(11,Invoer!$BI$38:$BI$57,0))),0) | C17: =IFERROR(N(INDEX(Invoer!$D$38:$D$57,MATCH(11,Invoer!$BI$38:$BI$57,0))),0) | D17: =IFERROR(N(INDEX(Invoer!$E$38:$E$57,MATCH(11,Invoer!$BI$38:$BI$57,0))),0) | E17: =IFERROR(N(INDEX(Invoer!$F$38:$F$57,MATCH(11,Invoer!$BI$38:$BI$57,0))),0) | F17: =IFERROR(N(INDEX(Invoer!$G$38:$G$57,MATCH(11,Invoer!$BI$38:$BI$57,0))),0) | G17: =IFERROR(N(INDEX(Invoer!$H$38:$H$57,MATCH(11,Invoer!$BI$38:$BI$57,0))),0) | H17: =IFERROR(N(INDEX(Invoer!$I$38:$I$57,MATCH(11,Invoer!$BI$38:$BI$57,0))),0) | I17: =IFERROR(N(INDEX(Invoer!$J$38:$J$57,MATCH(11,Invoer!$BI$38:$BI$57,0))),0) | J17: =IFERROR(N(INDEX(Invoer!$K$38:$K$57,MATCH(11,Invoer!$BI$38:$BI$57,0))),0) | K17: =IFERROR(IF(INDEX(Invoer!$L$38:$L$57,MATCH(11,Invoer!$BI$38:$BI$57,0))="","",INDEX(Invoer!$L$38:$L$57,MATCH(11,Invoer!$BI$38:$BI$57,0))),"") | L17: =IFERROR(N(INDEX(Invoer!$M$38:$M$57,MATCH(11,Invoer!$BI$38:$BI$57,0))),0) | M17: =IFERROR(IF(INDEX(Invoer!$BS$38:$BS$57,MATCH(11,Invoer!$BI$38:$BI$57,0))="","",INDEX(Invoer!$BS$38:$BS$57,MATCH(11,Invoer!$BI$38:$BI$57,0))),"") | N17: =IFERROR(IF(INDEX(Invoer!$BT$38:$BT$57,MATCH(11,Invoer!$BI$38:$BI$57,0))="","",INDEX(Invoer!$BT$38:$BT$57,MATCH(11,Invoer!$BI$38:$BI$57,0))),"") | P17: =IFERROR(IF(INDEX(Invoer!$Q$38:$Q$57,MATCH(11,Invoer!$BI$38:$BI$57,0))="","",INDEX(Invoer!$Q$38:$Q$57,MATCH(11,Invoer!$BI$38:$BI$57,0))),"") | R17: =IFERROR(IF(INDEX(Invoer!$R$38:$R$57,MATCH(11,Invoer!$BI$38:$BI$57,0))="","",INDEX(Invoer!$R$38:$R$57,MATCH(11,Invoer!$BI$38:$BI$57,0))),"") | T17: =IFERROR(IF(INDEX(Invoer!$P$38:$P$57,MATCH(11,Invoer!$BI$38:$BI$57,0))="","",INDEX(Invoer!$P$38:$P$57,MATCH(11,Invoer!$BI$38:$BI$57,0))),"") | V17: =IFERROR(N(INDEX(Invoer!$S$38:$S$57,MATCH(11,Invoer!$BI$38:$BI$57,0))),0) | W17: =IFERROR(IF(INDEX(Invoer!$T$38:$T$57,MATCH(11,Invoer!$BI$38:$BI$57,0))="","",INDEX(Invoer!$T$38:$T$57,MATCH(11,Invoer!$BI$38:$BI$57,0))),"") | Y17: =IFERROR(IF(INDEX(Invoer!$U$38:$U$57,MATCH(11,Invoer!$BI$38:$BI$57,0))="","",INDEX(Invoer!$U$38:$U$57,MATCH(11,Invoer!$BI$38:$BI$57,0))),"") | Z17: =IFERROR(IF(INDEX(Invoer!$V$38:$V$57,MATCH(11,Invoer!$BI$38:$BI$57,0))="","",INDEX(Invoer!$V$38:$V$57,MATCH(11,Invoer!$BI$38:$BI$57,0))),"") | AA17: =IFERROR(IF(INDEX(Invoer!$W$38:$W$57,MATCH(11,Invoer!$BI$38:$BI$57,0))="","",INDEX(Invoer!$W$38:$W$57,MATCH(11,Invoer!$BI$38:$BI$57,0))),"") | AC17: =IFERROR(N(INDEX(Invoer!$X$38:$X$57,MATCH(11,Invoer!$BI$38:$BI$57,0))),0) | AD17: =IFERROR(N(INDEX(Invoer!$Y$38:$Y$57,MATCH(11,Invoer!$BI$38:$BI$57,0))),0) | AE17: =IFERROR(N(INDEX(Invoer!$Z$38:$Z$57,MATCH(11,Invoer!$BI$38:$BI$57,0))),0) | AF17: =IFERROR(N(INDEX(Invoer!$AA$38:$AA$57,MATCH(11,Invoer!$BI$38:$BI$57,0))),0) | AG17: =IFERROR(N(INDEX(Invoer!$AB$38:$AB$57,MATCH(11,Invoer!$BI$38:$BI$57,0))),0) | AH17: =IFERROR(N(INDEX(Invoer!$AC$38:$AC$57,MATCH(11,Invoer!$BI$38:$BI$57,0))),0) | AJ17: =IFERROR(N(INDEX(Invoer!$BC$38:$BC$57,MATCH(11,Invoer!$BI$38:$BI$57,0))),0) | AL17: =IFERROR(N(INDEX(Invoer!$BD$38:$BD$57,MATCH(11,Invoer!$BI$38:$BI$57,0))),0) | AN17: =IFERROR(N(INDEX(Invoer!$AD$38:$AD$57,MATCH(11,Invoer!$BI$38:$BI$57,0))),0) | AP17: =(($AC$5*(IF(ISNUMBER($AC17),$AC17,0))+$AD$5*(IF(ISNUMBER($AD17),$AD17,0))+$AE$5*(IF(ISNUMBER($AE17),$AE17,0))+$AF$5*(IF(ISNUMBER($AF17),$AF17,0))+$AG$5*(IF(ISNUMBER($AG17),$AG17,0))+$AH$5*(IF(ISNUMBER($AH17),$AH17,0)))+(IF(ISNUMBER($AN17),$AN17,0)))*(IF(W17="j",1,IF(W17="m",12,IF(W17="w",52,IF(W17="d",365,0)))))*V17 | AR17: =IFERROR(N(INDEX(Invoer!$AL$38:$AL$57,MATCH(11,Invoer!$BI$38:$BI$57,0))),0) | AS17: =IFERROR(N(INDEX(Invoer!$AM$38:$AM$57,MATCH(11,Invoer!$BI$38:$BI$57,0))),0) | AT17: =IFERROR(N(INDEX(Invoer!$AN$38:$AN$57,MATCH(11,Invoer!$BI$38:$BI$57,0))),0) | AV17: =$AR17+$AS17+$AT17 | AX17: =IFERROR(IF(INDEX(Invoer!$BE$38:$BE$57,MATCH(11,Invoer!$BI$38:$BI$57,0))="","",INDEX(Invoer!$BE$38:$BE$57,MATCH(11,Invoer!$BI$38:$BI$57,0))),"")
A18: =IFERROR(N(INDEX(Invoer!$B$38:$B$57,MATCH(12,Invoer!$BI$38:$BI$57,0))),0) | B18: =IFERROR(N(INDEX(Invoer!$C$38:$C$57,MATCH(12,Invoer!$BI$38:$BI$57,0))),0) | C18: =IFERROR(N(INDEX(Invoer!$D$38:$D$57,MATCH(12,Invoer!$BI$38:$BI$57,0))),0) | D18: =IFERROR(N(INDEX(Invoer!$E$38:$E$57,MATCH(12,Invoer!$BI$38:$BI$57,0))),0) | E18: =IFERROR(N(INDEX(Invoer!$F$38:$F$57,MATCH(12,Invoer!$BI$38:$BI$57,0))),0) | F18: =IFERROR(N(INDEX(Invoer!$G$38:$G$57,MATCH(12,Invoer!$BI$38:$BI$57,0))),0) | G18: =IFERROR(N(INDEX(Invoer!$H$38:$H$57,MATCH(12,Invoer!$BI$38:$BI$57,0))),0) | H18: =IFERROR(N(INDEX(Invoer!$I$38:$I$57,MATCH(12,Invoer!$BI$38:$BI$57,0))),0) | I18: =IFERROR(N(INDEX(Invoer!$J$38:$J$57,MATCH(12,Invoer!$BI$38:$BI$57,0))),0) | J18: =IFERROR(N(INDEX(Invoer!$K$38:$K$57,MATCH(12,Invoer!$BI$38:$BI$57,0))),0) | K18: =IFERROR(IF(INDEX(Invoer!$L$38:$L$57,MATCH(12,Invoer!$BI$38:$BI$57,0))="","",INDEX(Invoer!$L$38:$L$57,MATCH(12,Invoer!$BI$38:$BI$57,0))),"") | L18: =IFERROR(N(INDEX(Invoer!$M$38:$M$57,MATCH(12,Invoer!$BI$38:$BI$57,0))),0) | M18: =IFERROR(IF(INDEX(Invoer!$BS$38:$BS$57,MATCH(12,Invoer!$BI$38:$BI$57,0))="","",INDEX(Invoer!$BS$38:$BS$57,MATCH(12,Invoer!$BI$38:$BI$57,0))),"") | N18: =IFERROR(IF(INDEX(Invoer!$BT$38:$BT$57,MATCH(12,Invoer!$BI$38:$BI$57,0))="","",INDEX(Invoer!$BT$38:$BT$57,MATCH(12,Invoer!$BI$38:$BI$57,0))),"") | P18: =IFERROR(IF(INDEX(Invoer!$Q$38:$Q$57,MATCH(12,Invoer!$BI$38:$BI$57,0))="","",INDEX(Invoer!$Q$38:$Q$57,MATCH(12,Invoer!$BI$38:$BI$57,0))),"") | R18: =IFERROR(IF(INDEX(Invoer!$R$38:$R$57,MATCH(12,Invoer!$BI$38:$BI$57,0))="","",INDEX(Invoer!$R$38:$R$57,MATCH(12,Invoer!$BI$38:$BI$57,0))),"") | T18: =IFERROR(IF(INDEX(Invoer!$P$38:$P$57,MATCH(12,Invoer!$BI$38:$BI$57,0))="","",INDEX(Invoer!$P$38:$P$57,MATCH(12,Invoer!$BI$38:$BI$57,0))),"") | V18: =IFERROR(N(INDEX(Invoer!$S$38:$S$57,MATCH(12,Invoer!$BI$38:$BI$57,0))),0) | W18: =IFERROR(IF(INDEX(Invoer!$T$38:$T$57,MATCH(12,Invoer!$BI$38:$BI$57,0))="","",INDEX(Invoer!$T$38:$T$57,MATCH(12,Invoer!$BI$38:$BI$57,0))),"") | Y18: =IFERROR(IF(INDEX(Invoer!$U$38:$U$57,MATCH(12,Invoer!$BI$38:$BI$57,0))="","",INDEX(Invoer!$U$38:$U$57,MATCH(12,Invoer!$BI$38:$BI$57,0))),"") | Z18: =IFERROR(IF(INDEX(Invoer!$V$38:$V$57,MATCH(12,Invoer!$BI$38:$BI$57,0))="","",INDEX(Invoer!$V$38:$V$57,MATCH(12,Invoer!$BI$38:$BI$57,0))),"") | AA18: =IFERROR(IF(INDEX(Invoer!$W$38:$W$57,MATCH(12,Invoer!$BI$38:$BI$57,0))="","",INDEX(Invoer!$W$38:$W$57,MATCH(12,Invoer!$BI$38:$BI$57,0))),"") | AC18: =IFERROR(N(INDEX(Invoer!$X$38:$X$57,MATCH(12,Invoer!$BI$38:$BI$57,0))),0) | AD18: =IFERROR(N(INDEX(Invoer!$Y$38:$Y$57,MATCH(12,Invoer!$BI$38:$BI$57,0))),0) | AE18: =IFERROR(N(INDEX(Invoer!$Z$38:$Z$57,MATCH(12,Invoer!$BI$38:$BI$57,0))),0) | AF18: =IFERROR(N(INDEX(Invoer!$AA$38:$AA$57,MATCH(12,Invoer!$BI$38:$BI$57,0))),0) | AG18: =IFERROR(N(INDEX(Invoer!$AB$38:$AB$57,MATCH(12,Invoer!$BI$38:$BI$57,0))),0) | AH18: =IFERROR(N(INDEX(Invoer!$AC$38:$AC$57,MATCH(12,Invoer!$BI$38:$BI$57,0))),0) | AJ18: =IFERROR(N(INDEX(Invoer!$BC$38:$BC$57,MATCH(12,Invoer!$BI$38:$BI$57,0))),0) | AL18: =IFERROR(N(INDEX(Invoer!$BD$38:$BD$57,MATCH(12,Invoer!$BI$38:$BI$57,0))),0) | AN18: =IFERROR(N(INDEX(Invoer!$AD$38:$AD$57,MATCH(12,Invoer!$BI$38:$BI$57,0))),0) | AP18: =(($AC$5*(IF(ISNUMBER($AC18),$AC18,0))+$AD$5*(IF(ISNUMBER($AD18),$AD18,0))+$AE$5*(IF(ISNUMBER($AE18),$AE18,0))+$AF$5*(IF(ISNUMBER($AF18),$AF18,0))+$AG$5*(IF(ISNUMBER($AG18),$AG18,0))+$AH$5*(IF(ISNUMBER($AH18),$AH18,0)))+(IF(ISNUMBER($AN18),$AN18,0)))*(IF(W18="j",1,IF(W18="m",12,IF(W18="w",52,IF(W18="d",365,0)))))*V18 | AR18: =IFERROR(N(INDEX(Invoer!$AL$38:$AL$57,MATCH(12,Invoer!$BI$38:$BI$57,0))),0) | AS18: =IFERROR(N(INDEX(Invoer!$AM$38:$AM$57,MATCH(12,Invoer!$BI$38:$BI$57,0))),0) | AT18: =IFERROR(N(INDEX(Invoer!$AN$38:$AN$57,MATCH(12,Invoer!$BI$38:$BI$57,0))),0) | AV18: =$AR18+$AS18+$AT18 | AX18: =IFERROR(IF(INDEX(Invoer!$BE$38:$BE$57,MATCH(12,Invoer!$BI$38:$BI$57,0))="","",INDEX(Invoer!$BE$38:$BE$57,MATCH(12,Invoer!$BI$38:$BI$57,0))),"")
A19: =IFERROR(N(INDEX(Invoer!$B$38:$B$57,MATCH(13,Invoer!$BI$38:$BI$57,0))),0) | B19: =IFERROR(N(INDEX(Invoer!$C$38:$C$57,MATCH(13,Invoer!$BI$38:$BI$57,0))),0) | C19: =IFERROR(N(INDEX(Invoer!$D$38:$D$57,MATCH(13,Invoer!$BI$38:$BI$57,0))),0) | D19: =IFERROR(N(INDEX(Invoer!$E$38:$E$57,MATCH(13,Invoer!$BI$38:$BI$57,0))),0) | E19: =IFERROR(N(INDEX(Invoer!$F$38:$F$57,MATCH(13,Invoer!$BI$38:$BI$57,0))),0) | F19: =IFERROR(N(INDEX(Invoer!$G$38:$G$57,MATCH(13,Invoer!$BI$38:$BI$57,0))),0) | G19: =IFERROR(N(INDEX(Invoer!$H$38:$H$57,MATCH(13,Invoer!$BI$38:$BI$57,0))),0) | H19: =IFERROR(N(INDEX(Invoer!$I$38:$I$57,MATCH(13,Invoer!$BI$38:$BI$57,0))),0) | I19: =IFERROR(N(INDEX(Invoer!$J$38:$J$57,MATCH(13,Invoer!$BI$38:$BI$57,0))),0) | J19: =IFERROR(N(INDEX(Invoer!$K$38:$K$57,MATCH(13,Invoer!$BI$38:$BI$57,0))),0) | K19: =IFERROR(IF(INDEX(Invoer!$L$38:$L$57,MATCH(13,Invoer!$BI$38:$BI$57,0))="","",INDEX(Invoer!$L$38:$L$57,MATCH(13,Invoer!$BI$38:$BI$57,0))),"") | L19: =IFERROR(N(INDEX(Invoer!$M$38:$M$57,MATCH(13,Invoer!$BI$38:$BI$57,0))),0) | M19: =IFERROR(IF(INDEX(Invoer!$BS$38:$BS$57,MATCH(13,Invoer!$BI$38:$BI$57,0))="","",INDEX(Invoer!$BS$38:$BS$57,MATCH(13,Invoer!$BI$38:$BI$57,0))),"") | N19: =IFERROR(IF(INDEX(Invoer!$BT$38:$BT$57,MATCH(13,Invoer!$BI$38:$BI$57,0))="","",INDEX(Invoer!$BT$38:$BT$57,MATCH(13,Invoer!$BI$38:$BI$57,0))),"") | P19: =IFERROR(IF(INDEX(Invoer!$Q$38:$Q$57,MATCH(13,Invoer!$BI$38:$BI$57,0))="","",INDEX(Invoer!$Q$38:$Q$57,MATCH(13,Invoer!$BI$38:$BI$57,0))),"") | R19: =IFERROR(IF(INDEX(Invoer!$R$38:$R$57,MATCH(13,Invoer!$BI$38:$BI$57,0))="","",INDEX(Invoer!$R$38:$R$57,MATCH(13,Invoer!$BI$38:$BI$57,0))),"") | T19: =IFERROR(IF(INDEX(Invoer!$P$38:$P$57,MATCH(13,Invoer!$BI$38:$BI$57,0))="","",INDEX(Invoer!$P$38:$P$57,MATCH(13,Invoer!$BI$38:$BI$57,0))),"") | V19: =IFERROR(N(INDEX(Invoer!$S$38:$S$57,MATCH(13,Invoer!$BI$38:$BI$57,0))),0) | W19: =IFERROR(IF(INDEX(Invoer!$T$38:$T$57,MATCH(13,Invoer!$BI$38:$BI$57,0))="","",INDEX(Invoer!$T$38:$T$57,MATCH(13,Invoer!$BI$38:$BI$57,0))),"") | Y19: =IFERROR(IF(INDEX(Invoer!$U$38:$U$57,MATCH(13,Invoer!$BI$38:$BI$57,0))="","",INDEX(Invoer!$U$38:$U$57,MATCH(13,Invoer!$BI$38:$BI$57,0))),"") | Z19: =IFERROR(IF(INDEX(Invoer!$V$38:$V$57,MATCH(13,Invoer!$BI$38:$BI$57,0))="","",INDEX(Invoer!$V$38:$V$57,MATCH(13,Invoer!$BI$38:$BI$57,0))),"") | AA19: =IFERROR(IF(INDEX(Invoer!$W$38:$W$57,MATCH(13,Invoer!$BI$38:$BI$57,0))="","",INDEX(Invoer!$W$38:$W$57,MATCH(13,Invoer!$BI$38:$BI$57,0))),"") | AC19: =IFERROR(N(INDEX(Invoer!$X$38:$X$57,MATCH(13,Invoer!$BI$38:$BI$57,0))),0) | AD19: =IFERROR(N(INDEX(Invoer!$Y$38:$Y$57,MATCH(13,Invoer!$BI$38:$BI$57,0))),0) | AE19: =IFERROR(N(INDEX(Invoer!$Z$38:$Z$57,MATCH(13,Invoer!$BI$38:$BI$57,0))),0) | AF19: =IFERROR(N(INDEX(Invoer!$AA$38:$AA$57,MATCH(13,Invoer!$BI$38:$BI$57,0))),0) | AG19: =IFERROR(N(INDEX(Invoer!$AB$38:$AB$57,MATCH(13,Invoer!$BI$38:$BI$57,0))),0) | AH19: =IFERROR(N(INDEX(Invoer!$AC$38:$AC$57,MATCH(13,Invoer!$BI$38:$BI$57,0))),0) | AJ19: =IFERROR(N(INDEX(Invoer!$BC$38:$BC$57,MATCH(13,Invoer!$BI$38:$BI$57,0))),0) | AL19: =IFERROR(N(INDEX(Invoer!$BD$38:$BD$57,MATCH(13,Invoer!$BI$38:$BI$57,0))),0) | AN19: =IFERROR(N(INDEX(Invoer!$AD$38:$AD$57,MATCH(13,Invoer!$BI$38:$BI$57,0))),0) | AP19: =(($AC$5*(IF(ISNUMBER($AC19),$AC19,0))+$AD$5*(IF(ISNUMBER($AD19),$AD19,0))+$AE$5*(IF(ISNUMBER($AE19),$AE19,0))+$AF$5*(IF(ISNUMBER($AF19),$AF19,0))+$AG$5*(IF(ISNUMBER($AG19),$AG19,0))+$AH$5*(IF(ISNUMBER($AH19),$AH19,0)))+(IF(ISNUMBER($AN19),$AN19,0)))*(IF(W19="j",1,IF(W19="m",12,IF(W19="w",52,IF(W19="d",365,0)))))*V19 | AR19: =IFERROR(N(INDEX(Invoer!$AL$38:$AL$57,MATCH(13,Invoer!$BI$38:$BI$57,0))),0) | AS19: =IFERROR(N(INDEX(Invoer!$AM$38:$AM$57,MATCH(13,Invoer!$BI$38:$BI$57,0))),0) | AT19: =IFERROR(N(INDEX(Invoer!$AN$38:$AN$57,MATCH(13,Invoer!$BI$38:$BI$57,0))),0) | AV19: =$AR19+$AS19+$AT19 | AX19: =IFERROR(IF(INDEX(Invoer!$BE$38:$BE$57,MATCH(13,Invoer!$BI$38:$BI$57,0))="","",INDEX(Invoer!$BE$38:$BE$57,MATCH(13,Invoer!$BI$38:$BI$57,0))),"")
AO21: € | AP21: =SUM(AP7:AP19) | AX21: =TODAY()

Sheet Algemeen
B1: Algemene gegevens — worden automatisch gevuld vanuit het tabblad Invoer
R2: hier invoeren
B3: Aantal fietsen | O3: =N(Invoer!L8) | R3: =IF(Invoer!L6="","",Invoer!L6)
B4: Aantal fietsen per tocht | O4: =N(Invoer!L9) | R4: =IF(Invoer!L7="","",Invoer!L7)
B5: Gemiddeld aantal tochten per jaar | O5: =N(Invoer!L10) | AX5: OH-kosten | BC5: Kosten | BK5: Gevolg | CF5: Storingfrequentie | CL5: Storingsfrequentie | DT5: ONB missie | DZ5: ONB aanvang | FF5: =EU13 | FM5: =EV13 | FT5: =EW13 | GA5: =EX13 | GH5: =EY13 | GO5: =EZ13 | GV5: =FA13 | HC5: =FB13 | HJ5: =FC13 | HQ5: =FD13
B6: Gemiddeld aantal dagen per tocht | O6: =N(Invoer!L11) | Q6: = | R6: =O6*24 | S6: uur | AX6: Huidig | BC6: Huidig | BK6: Huidig | CL6: Huidig | DT6: Huidig | DZ6: Huidig
B7: Gem. aantal dagen bij verhuurder | O7: =(365 - Missies_per_jaar*Missieduur/24)/Missies_per_jaar | Q7: = | R7: =(8760 - Missies_per_jaar*Missieduur)/Missies_per_jaar | S7: uur
B8: Gemiddelde Looptijd in jaren | O8: =N(Invoer!L12)
AX9: =SUM(OH_kosten) | BC9: =SUM(Kosten_res_totaal) | BK9: =SUM(gevolg_kosten) | CF9: =SUM(m_componenten_lambda) | CI9: per kalenderuur | CL9: =SUM(lambda_functie) | CO9: per missie uur | DT9: =MAX(cumm_ONB_missie) | DZ9: =MAX(cumm_ONB_aanvang) | EU9: Van | FF9: =SUM(storingfreq_1) | FG9: =SUM(lambda_functie_1) | FI9: =MAX(ONB_missie_1) | FK9: =MAX(ONB_aanvang_1) | FM9: =SUM(storingfreq_2) | FN9: =SUM(lambda_functie_2) | FP9: =MAX(ONB_missie_2) | FR9: =MAX(ONB_aanvang_2) | FT9: =SUM(storingfreq_3) | FU9: =SUM(lambda_functie_3) | FW9: =MAX(onb_missie_3) | FY9: =MAX(onb_aanvang_3) | GA9: =SUM(storingfreq_4) | GB9: =SUM(lambda_functie_4) | GD9: =MAX(ONB_missie_4) | GF9: =MAX(ONB_aanvang_4) | GH9: =SUM(storingfreq_5) | GI9: =SUM(lambda_functie_5) | GK9: =MAX(ONB_missie_5) | GM9: =MAX(ONB_aanvang_5) | GO9: =SUM(storingfreq_6) | GP9: =SUM(lambda_functie_6) | GR9: =MAX(ONB_missie_6) | GT9: =MAX(ONB_aanvang_6) | GV9: =SUM(storingfreq_7) | GW9: =SUM(lambda_functie_7) | GY9: =MAX(ONB_missie_7) | HA9: =MAX(ONB_aanvang_7) | HC9: =SUM(storingfreq_8) | HD9: =SUM(lambda_functie_8) | HF9: =MAX(ONB_missie_8) | HH9: =MAX(ONB_aanvang_8) | HJ9: =SUM(storingfreq_9) | HK9: =SUM(lambda_functie_9) | HM9: =MAX(ONB_missie_9) | HO9: =MAX(ONB_aanvang_9) | HQ9: =SUM(storingfreq_10) | HR9: =SUM(lambda_functie_10) | HT9: =MAX(ONB_missie_10) | HV9: =MAX(ONB_aanvang_10)
B10: Gemiddelde interval Groot Onderhoud in jaren | O10: =N(Invoer!L13) | Q10: = | R10: =O10*8760 | S10: uur | EU10: Toepassing
AY11: =CELL("col",OH_kosten) | BM11: Onderhoudstijden | BR11: reservedelen | DX11: =CELL("col",cumm_ONB_missie) | EG11: =CELL("col",cumm_ONB_aanvang) | EI11: =CELL("col",Opmerkingen) | EU11: bij de
L12: Fysieke decompositie | P12: Periodiek Onderhoud | W12: TAO | Z12: Correctief | AI12: Frequentie | AL12: Uitvoering | AP12: te besteden tijd (uur) | BM12: PO | BN12: TAO | BO12: CO | BR12: Logistieke tijden | BV12: voorraad | CA12: storingsfrequentie, gebruikstijd | CF12: storingsfrequentie, kalendertijd | CJ12: storingsfrequentie, totaal | DD12: Maximale doorlooptijd tijdens missie t.g.v. CO | DL12: Maximale doorlooptijd aan wal t.g.v. CO | EU12: functie:
M13: Vermenigvuldigingsfactor onderhoudsactie (aantal componenten) | N13: Redundantie (J/N) | P13: Inspectie (visueel) | Q13: Inspectie (Meten) | R13: Preservering | S13: Revisie | T13: Vervanging | U13: Testen | W13: Revisie | X13: Vervanging | Z13: Reparatie (door boordspersoneel) | AA13: Vervanging | AB13: S.A.O.? (Ja / Nee) | AD13: Omschrijving | AF13: Taak-ID | AI13: Frequentie | AJ13: d / w / m / j | AL13: Voor verhuur | AM13: Tijdens fietstocht | AN13: Alleen in groot onderhoud | AP13: Verhuurder | AQ13: Huurder | AR13: Monteur | AS13: RIJKSWERF | AT13: DIENST | AU13: DERDEN | AW13: Vaste kosten per keer | AY13: OH-kosten per jaar | BA13: Kosten reservedelen per keer | BC13: Kosten reservedelen per jaar | BE13: Kosten reservedelen per jaar volgens "Trade-off" | BG13: Kosten reservedelen per jaar (nog hiden) | BI13: Gevolgkosten per keer buiten de installatie | BK13: Gevolgkosten per jaar | BM13: Doorlooptijd | BN13: Revisie/Vervangingstijd | BO13: Zoektijd | BP13: Reparatie/Vervangingstijd | BR13: Wachttijd tijdens fietstocht met transport | BS13: Besteltijd leverancier of hersteltijd onderhoudsdienst | BT13: Wachttijd in stalling | BV13: Aantal reservedelen tijdens fietstocht | BW13: Initiele reservevoorraad in stalling | BX13: Maximum aantal reservedelen in stalling (na bestelling) | BY13: Minimum aantal reservedelen in stalling (herstel/bestelnivo) | CA13: lambda component fabrikant | CB13: Percentage gebruikstijd tijdens missie | CC13: Percentage gebruikstijd tijdens walbedrijf | CD13: Lambda component missie, gebruikstijd | CE13: Lambda component wal, gebruikstijd | CF13: Lambda component, kalendertijd | CG13: Percentage storingen missiegerelateerd, kalendertijd | CH13: Lambda component missie, kalendertijd | CI13: Lambda component wal, kalendertijd | CJ13: Lambda component | CK13: m componenten * lambda component | CL13: redundantiefactor | CM13: Lambda functie missie, per missieuur | CN13: Lambda functie missie, per kalenderuur | CO13: Lambda functie wal, per waluur | CP13: Lambda functie wal, per kalenderuur | CR13: m componenten (aan boord) | CS13: Kans opraken reservevoorraad aan boord tijdens missie (gegeven huidige reservevoorraad) | CU13: m componenten vloot | CV13: periode tot aan eerste bestelling (initiele periode) | CW13: gemiddelde tijd dat de voorraad slinkt van Max naar Min (bestelinterval) | CX13: % van de looptijd dat reservedelen in bestelling zijn | CY13: Kans opraken reservevoorraad vloot plus wal t.b.v. missie of onmiddellijke inzetbaarheid | CZ13: Kans opraken boordvoorraad + reservevoorraad wal | DB13: VNB (uren) tgv. PO / TAO tijdens missie | DD13: CO reparatie | DE13: CO vervanging (reservedelen aan boord) | DF13: CO vervanging (reservedelen transport van waldepot tot schip) | DG13: CO vervanging (bestellen/herstellen + transport) | DH13: CO vervanging (gewogen met kans afwezigheid reservedelen) | DI13: Doorlooptijd missie inschatting | DJ13: Doorlooptijd missie door CO vervanging of reparatie | DL13: CO reparatie | DM13: CO vervanging (reservedelen van wal halen) | DN13: CO vervanging (reservedelen transport) | DO13: CO vervanging (bestellen/herstellen + van wal halen) | DP13: CO vervanging (gewogen met kans afwezigheid reservedelen) | DQ13: Doorlooptijd wal inschatting | DR13: Doorlooptijd walbedrijf door vervanging of reparatie | DT13: ONB schip tijdens missie (gegeven systeem is beschik- baar bij aanvang missie) | DU13: ONB_missie_tussenberekening_1 | DV13: ONB_missie_tussenberekening_2 | DW13: Percentage van totale ONB tijdens missie | DX13: Cumulatieve ONB schip tijdens missie (gegeven systeem is beschik- baar bij aanvang missie) | DZ13: ONB schip bij aanvang missie (kans dat installatie niet beschikbaar is bij aanvang missie) | EA13: ONB_aanvang_tussenberekening_1 ONB t.g.v. alleen herstellen tijdens GO, storing tijdens missie / walbedrijf | EB13: ONB_aanvang_tussenberekening_2: ONB t.g.v. uitvoeren kortdurende / langdurende reparatie, storing tijdens missie/walbedrijf | EC13: ONB_aanvang_tussenberekening_3 ONB t.g.v. langdurende vervanging,storing tijdens missie | ED13: ONB_aanvang_tussenberekening_4: ONB t.g.v. langdurende vervanging, storing tijdens walbedrijf | EE13: ONB_aanvang_tussenberekening_5 Momentane ONB, t.g.v. kortdurende vervanging, storing tijdens walbedrijf | EF13: Percentage van totale ONB schip bij aanvang missie | EG13: Cumulatieve ONB schip bij aanvang missie | EI13: Opmerkingen | EU13: =IF(Invoer!L24="","",Invoer!L24) | EV13: =IF(Invoer!L25="","",Invoer!L25) | EW13: =IF(Invoer!L26="","",Invoer!L26) | EX13: =IF(Invoer!L27="","",Invoer!L27) | EY13: =IF(Invoer!L28="","",Invoer!L28) | EZ13: =IF(Invoer!L29="","",Invoer!L29) | FA13: =IF(Invoer!L30="","",Invoer!L30) | FB13: =IF(Invoer!L31="","",Invoer!L31) | FC13: =IF(Invoer!L32="","",Invoer!L32) | FD13: =IF(Invoer!L33="","",Invoer!L33) | FF13: Storingsfrequentie (m componenten * lambda) | FG13: Lambda functie | FH13: ONB schip tijdens missie (gegeven systeem is beschik- baar bij aanvang missie) | FI13: Cumulatieve ONB schip tijdens missie (gegeven systeem is beschik- baar bij aanvang missie) | FJ13: ONB schip bij aanvang missie (kans dat functie niet beschikbaar is bij aanvang missie) | FK13: Cumulatieve ONB schip bij aanvang missie | FM13: Storingsfrequentie (m componenten * lambda) | FN13: Lambda functie | FO13: ONB schip tijdens missie (gegeven systeem is beschik- baar bij aanvang missie) | FP13: Cumulatieve ONB schip tijdens missie (gegeven systeem is beschik- baar bij aanvang missie) | FQ13: ONB schip bij aanvang missie (kans dat functie niet beschikbaar is bij aanvang missie) | FR13: Cumulatieve ONB schip bij aanvang missie | FT13: Storingsfrequentie (m componenten * lambda) | FU13: Lambda functie | FV13: ONB schip tijdens missie (gegeven systeem is beschik- baar bij aanvang missie) | FW13: Cumulatieve ONB schip tijdens missie (gegeven systeem is beschik- baar bij aanvang missie) | FX13: ONB schip bij aanvang missie (kans dat functie niet beschikbaar is bij aanvang missie) | FY13: Cumulatieve ONB schip bij aanvang missie | GA13: Storingsfrequentie (m componenten * lambda) | GB13: Lambda functie | GC13: ONB schip tijdens missie (gegeven systeem is beschik- baar bij aanvang missie) | GD13: Cumulatieve ONB schip tijdens missie (gegeven systeem is beschik- baar bij aanvang missie) | GE13: ONB schip bij aanvang missie (kans dat functie niet beschikbaar is bij aanvang missie) | GF13: Cumulatieve ONB schip bij aanvang missie | GH13: Storingsfrequentie (m componenten * lambda) | GI13: Lambda functie | GJ13: ONB schip tijdens missie (gegeven systeem is beschik- baar bij aanvang missie) | GK13: Cumulatieve ONB schip tijdens missie (gegeven systeem is beschik- baar bij aanvang missie) | GL13: ONB schip bij aanvang missie (kans dat functie niet beschikbaar is bij aanvang missie) | GM13: Cumulatieve ONB schip bij aanvang missie | GO13: Storingsfrequentie (m componenten * lambda) | GP13: Lambda functie | GQ13: ONB schip tijdens missie (gegeven systeem is beschik- baar bij aanvang missie) | GR13: Cumulatieve ONB schip tijdens missie (gegeven systeem is beschik- baar bij aanvang missie) | GS13: ONB schip bij aanvang missie (kans dat functie niet beschikbaar is bij aanvang missie) | GT13: Cumulatieve ONB schip bij aanvang missie | GV13: Storingsfrequentie (m componenten * lambda) | GW13: Lambda functie | GX13: ONB schip tijdens missie (gegeven systeem is beschik- baar bij aanvang missie) | GY13: Cumulatieve ONB schip tijdens missie (gegeven systeem is beschik- baar bij aanvang missie) | GZ13: ONB schip bij aanvang missie (kans dat functie niet beschikbaar is bij aanvang missie) | HA13: Cumulatieve ONB schip bij aanvang missie | HC13: Storingsfrequentie (m componenten * lambda) | HD13: Lambda functie | HE13: ONB schip tijdens missie (gegeven systeem is beschik- baar bij aanvang missie) | HF13: Cumulatieve ONB schip tijdens missie (gegeven systeem is beschik- baar bij aanvang missie) | HG13: ONB schip bij aanvang missie (kans dat functie niet beschikbaar is bij aanvang missie) | HH13: Cumulatieve ONB schip bij aanvang missie | HJ13: Storingsfrequentie (m componenten * lambda) | HK13: Lambda functie | HL13: ONB schip tijdens missie (gegeven systeem is beschik- baar bij aanvang missie) | HM13: Cumulatieve ONB schip tijdens missie (gegeven systeem is beschik- baar bij aanvang missie) | HN13: ONB schip bij aanvang missie (kans dat functie niet beschikbaar is bij aanvang missie) | HO13: Cumulatieve ONB schip bij aanvang missie | HQ13: Storingsfrequentie (m componenten * lambda) | HR13: Lambda functie | HS13: ONB schip tijdens missie (gegeven systeem is beschik- baar bij aanvang missie) | HT13: Cumulatieve ONB schip tijdens missie (gegeven systeem is beschik- baar bij aanvang missie) | HU13: ONB schip bij aanvang missie (kans dat functie niet beschikbaar is bij aanvang missie) | HV13: Cumulatieve ONB schip bij aanvang missie
AP14: =N(Invoer!L16) | AQ14: =N(Invoer!L17) | AR14: =N(Invoer!L18) | AS14: =N(Invoer!L19) | AT14: =N(Invoer!L20) | AU14: =N(Invoer!L21) | AW14: Euro | AY14: NLG/jaar | BA14: NLG | BC14: NLG/jaar | BE14: NLG/jaar | BG14: NLG/jaar | BI14: NLG | BK14: NLG | BM14: uur | BN14: uur | BO14: uur | BP14: uur | BR14: uur | BS14: uur | BT14: uur | BV14: # | BW14: # | BX14: # | BY14: # | CA14: 1/uur | CB14: % | CC14: % | CD14: 1/uur | CE14: 1/uur | CF14: 1/uur | CG14: % | CH14: 1/uur | CI14: 1/uur | CJ14: 1/uur | CK14: 1/uur | CL14: - | CM14: 1/uur | CN14: 1/uur | CO14: 1/uur | CP14: 1/uur | CR14: # | CS14: - | CU14: # | CV14: jaar | CW14: jaar | CX14: % | CY14: - | CZ14: - | DB14: uur | DD14: uur | DE14: uur | DF14: uur | DG14: uur | DH14: uur | DI14: uur | DJ14: uur | DL14: uur | DM14: uur | DN14: uur | DO14: uur | DP14: uur | DQ14: uur | DR14: uur | DW14: % | EF14: %
A15: =CELL("row",Invoerrij)+2
L16: Niet invullen, niet weggooien | AY16: =IF(Periodiciteit<>"",(uurtarief_wd*(IF(ISNUMBER(tijd_wd),tijd_wd,0))+uurtarief_td*(IF(ISNUMBER(tijd_td),tijd_td,0))+uurtarief_sb*(IF(ISNUMBER(tijd_sb),tijd_sb,0))+uurtarief_rw*(IF(ISNUMBER(tijd_rw),tijd_rw,0))+uurtarief_d*(IF(ISNUMBER(tijd_d),tijd_d,0))+uurtarief_3*(IF(ISNUMBER(tijd_3),tijd_3,0)) +(IF(ISNUMBER(f_vast),f_vast,0)))*(IF(Perio_int="j",1,IF(Perio_int="m",12,IF(Perio_int="w",52,IF(Perio_int="d",365,0)))))*Periodiciteit*aantal_componenten,"") | BC16: =IF(AND(Periodiciteit<>"",Kosten_res_pk<>""), Kosten_res_pk*(IF(Perio_int="j",1,IF(Perio_int="m",12,IF(Perio_int="w",52,IF(Perio_int="d",365,0)))))*Periodiciteit*aantal_componenten,"") | BG16: =IF(Kosten_res_trade <>"", Kosten_res_trade, Kosten_res_jaar ) | BK16: =IF(AND(Periodiciteit<>"",Gevolgkosten<>""), Gevolgkosten*(IF(Perio_int="j",1,IF(Perio_int="m",12,IF(Perio_int="w",52,IF(Perio_int="d",365,0)))))*Periodiciteit*aantal_componenten,"") | CB16: =IF(lambda_fabrikant<>"","?","") | CC16: =IF(lambda_fabrikant<>"","?","") | CD16: =IF( OR(CO_rep<>"",CO_verv<>""),IF(lambda_fabrikant<>"",IF(Uitvoeren_missie="N", (1-EXP(-aantal_componenten*lambda_fabrikant*Missieduur*p_gebruik_missie))/Missieduur/aantal_componenten, IF(doorlooptijd_missie_i <> 0,((aantal_componenten*lambda_fabrikant*(1/doorlooptijd_missie_i)/(aantal_componenten*lambda_fabrikant+1/doorlooptijd_missie_i))*Missieduur*p_gebruik_missie+(aantal_componenten*lambda_fabrikant)^2/(aantal_componenten*lambda_fabrikant+1/doorlooptijd_missie_i)^2*(1-EXP(-(aantal_componenten*lambda_fabrikant+1/doorlooptijd_missie_i)*Missieduur*p_gebruik_missie)))/Missieduur/aantal_componenten,lambda_fabrikant*p_gebruik_missie)),""),"") | CE16: =IF( OR(CO_rep<>"",CO_verv<>""),IF(lambda_fabrikant<>"",IF(uitvoeren_GO = "J", (1-EXP(-(aantal_componenten*lambda_fabrikant*p_gebruik_wal* interval_groot_onderhoud/8760*Missies_per_jaar*walduur)))/ (interval_groot_onderhoud/8760*Missies_per_jaar*walduur) / aantal_componenten,IF(doorlooptijd_wal_i <> 0,((aantal_componenten*lambda_fabrikant*(1/doorlooptijd_wal_i)/(aantal_componenten*lambda_fabrikant+1/doorlooptijd_wal_i))*walduur*p_gebruik_wal+(aantal_componenten*lambda_fabrikant)^2/(aantal_componenten*lambda_fabrikant+1/doorlooptijd_wal_i)^2*(1-EXP(-(aantal_componenten*lambda_fabrikant+1/doorlooptijd_wal_i)*walduur*p_gebruik_wal)))/walduur/aantal_componenten,lambda_fabrikant*p_gebruik_wal)),""),"") | CF16: =IF( OR(CO_rep<>"",CO_verv<>""), IF(OR(lambda_missie_g<>"",lambda_wal_g<>""), "", IF(Perio_int="j",1/8760, IF(Perio_int="m",12/8760, IF(Perio_int="w",52/8760, IF(Perio_int="d",365/8760,"error") ) ) )*Periodiciteit),"") | CG16: =IF(OR(CO_rep<>"",CO_verv<>""),1,"") | CH16: =IF( OR(CO_rep<>"",CO_verv<>""),IF(lambda_fabrikant="",lambda_kalendertijd*missiepercentage*8760/(Missies_per_jaar*Missieduur),""),"") | CI16: =IF( OR(CO_rep<>"",CO_verv<>""),IF(lambda_fabrikant="",lambda_kalendertijd*(1-missiepercentage)*8760/(Missies_per_jaar*walduur),""),"") | CJ16: =IF( OR(CO_rep<>"",CO_verv<>""), IF(OR(lambda_missie_g<>"",lambda_wal_g<>""), (lambda_missie_g*Missieduur + lambda_wal_g*walduur)/8760*Missies_per_jaar, lambda_kalendertijd),"") | CK16: =IF(lambda<>"",m_schip*lambda,"") | CL16: =IF(OR(CO_rep<>"",CO_verv<>""),IF(Redundantie = "J","?",1),"") | CM16: =IF(lambda<>"",IF(Redundantie="J",IF(lambda_missie_g<>"",lambda_missie_g*redundantie_factor,lambda_missie*redundantie_factor),IF(lambda_missie_g<>"",lambda_missie_g*m_schip,lambda_missie*m_schip)),"") | CN16: =IF(lambda<>"",lambda_functie*Missieduur*Missies_per_jaar/8760,"") | CO16: =IF(lambda<>"",IF(Redundantie="J",IF(lambda_wal_g<>"",lambda_wal_g*redundantie_factor,lambda_wal*redundantie_factor),IF(lambda_wal_g<>"",lambda_wal_g*m_schip,lambda_wal*m_schip)),"") | CP16: =IF(lambda<>"",lambda_functie_wal*walduur*Missies_per_jaar/8760,"") | CR16: =IF(OR(CO_verv<>"",CO_rep<>""),aantal_componenten,"") | CS16: =IF( OR(CO_rep<>"",CO_verv<>""),IF(Aantal_res_boord=0,1,IF(lambda_missie_g<>"",1-POISSON(Aantal_res_boord-1,m_schip*lambda_missie_g*Missieduur,TRUE),1-POISSON(Aantal_res_boord-1,m_schip*lambda_missie*Missieduur,TRUE))),"") | CU16: =IF(OR(CO_verv<>"",CO_rep<>""),Aantal_fregatten * m_schip,"") | CV16: =IF(AND(lambda>0,Aantal_ini_wal>=0,Aantal_res_wal<>""),IF(Aantal_ini_wal>Aantal_res_wal,(Aantal_ini_wal-Aantal_res_wal)/(m_vloot*lambda*8760),0),"") | CW16: =IF(AND(lambda>0,Aantal_max_wal>=0,Aantal_res_wal<>""),IF(Aantal_max_wal>Aantal_res_wal,(Aantal_max_wal-Aantal_res_wal)/(m_vloot*lambda*8760),0),"") | CX16: =IF(AND(ini_periode<>"",bestel_interval<>"",besteltijd<>""),IF(ini_periode>=Looptijd,0, IF(bestel_interval>=(Looptijd-ini_periode),IF(besteltijd<(Looptijd-ini_periode),besteltijd/8760/Looptijd,(Looptijd-ini_periode)/Looptijd), IF(((Looptijd-ini_periode)-(INT((Looptijd-ini_periode)/(besteltijd/8760+bestel_interval))))>=besteltijd/8760,(1+INT((Looptijd-ini_periode)/(besteltijd/8760+bestel_interval)))*(besteltijd/8760)/Looptijd,(INT((Looptijd-ini_periode)/(besteltijd/8760+bestel_interval))*(besteltijd/8760)+((Looptijd-ini_periode)-(INT((Looptijd-ini_periode)/(besteltijd/8760+bestel_interval)))*(besteltijd/8760+bestel_interval)))/Looptijd))),"") | CY16: =IF( OR(CO_rep<>"",CO_verv<>""), IF( Aantal_res_wal+(Aantal_fregatten-1)*Aantal_res_boord=0, 1*IF(percentage_looptijd_inbestelling<>"",percentage_looptijd_inbestelling,1), (1-POISSON(Aantal_res_wal-1+(Aantal_fregatten-1)*Aantal_res_boord, m_vloot*lambda*besteltijd,TRUE))*IF(percentage_looptijd_inbestelling<>"",percentage_looptijd_inbestelling,1)),"") | CZ16: =IF( OR(CO_rep<>"",CO_verv<>""),IF( Aantal_res_wal=0,1, 1-POISSON(Aantal_res_boord+Aantal_res_wal-1, m_vloot*lambda*besteltijd,TRUE) ),"") | DB16: =IF(OR(Uitvoeren_missie<>"J",uitvoeren_bedrijf="J",uitvoeren_GO="J"), "", IF(TAO_revisie<>"", TAO_rev_verv_tijd, IF(TAO_vervanging<>"", TAO_rev_verv_tijd, IF(PO_doorlooptijd<>0, PO_doorlooptijd,"" )))) | DD16: =IF(AND(CO_rep<>"", Uitvoeren_missie="N"), Missieduur, IF(AND(CO_rep<>"", Uitvoeren_missie="J"), CO_zoektijd + CO_rep_verv_tijd,"")) | DE16: =IF(AND(CO_verv<>"", Uitvoeren_missie="N"), Missieduur, IF(AND(CO_verv<>"", Uitvoeren_missie="J"), CO_zoektijd + CO_rep_verv_tijd,"")) | DF16: =IF(AND(CO_verv<>"", Uitvoeren_missie="N"), Missieduur, IF(AND(CO_verv<>"", Uitvoeren_missie="J"), wachttijd_invlieg+CO_zoektijd + CO_rep_verv_tijd,"")) | DG16: =IF(AND(CO_verv<>"", Uitvoeren_missie="N"), Missieduur, IF(AND(CO_verv<>"", Uitvoeren_missie="J"), besteltijd + wachttijd_invlieg + CO_zoektijd + CO_rep_verv_tijd,"")) | DH16: =IF(AND(doorlooptijd_missie_met<>"",CO_verv<>""), P_op_boord* ( P_op_vloot*doorlooptijd_missie_zonder + (1-P_op_vloot)*doorlooptijd_invlieg ) + (1-P_op_boord)* doorlooptijd_missie_met, "") | DI16: =IF(CO_rep<>"",doorlooptijd_missie_rep,IF(AND(CO_verv<>"",Aantal_res_boord<>"",Aantal_res_boord<>0),doorlooptijd_missie_met,IF(AND(CO_verv<>"",Aantal_max_wal<>"",Aantal_max_wal<>0),doorlooptijd_invlieg,doorlooptijd_missie_zonder))) | DJ16: =IF(doorlooptijd_missie_verv<>"", doorlooptijd_missie_verv, IF(doorlooptijd_missie_rep<>"", doorlooptijd_missie_rep,"")) | DL16: =IF(CO_rep<>"", CO_zoektijd + CO_rep_verv_tijd,"") | DM16: =IF(AND(CO_verv<>"",CO_rep=""), wachttijd_wal+CO_zoektijd + CO_rep_verv_tijd,"") | DN16: =IF(AND(CO_verv<>"",CO_rep=""), wachttijd_invlieg+CO_zoektijd + CO_rep_verv_tijd,"") | DO16: =IF(AND(CO_verv<>"",CO_rep=""), besteltijd + wachttijd_wal + CO_zoektijd + CO_rep_verv_tijd,"") | DP16: =IF(AND(doorlooptijd_van_wal<>"",CO_verv<>""), P_op_vloot*doorlooptijd_wal_zonder + (1-P_op_vloot)*(P_op_wal*Doorlooptijd_transport+ (1-P_op_wal)*doorlooptijd_van_wal ), "") | DQ16: =IF(CO_rep<>"",doorlooptijd_wal_rep,IF(AND(CO_verv<>"",AND(Aantal_res_boord<>"",Aantal_res_boord<>0)),doorlooptijd_van_wal,IF(AND(CO_verv<>"",AND(Aantal_max_wal<>"",Aantal_max_wal<>0)),Doorlooptijd_transport,doorlooptijd_wal_zonder))) | DR16: =IF(doorlooptijd_wal_verv<>"", doorlooptijd_wal_verv, IF(doorlooptijd_wal_rep<>"", doorlooptijd_wal_rep,"")) | DT16: =IF(OR(CO_verv<>"",CO_rep<>""),IF(lambda_functie<>"",ONB_missie_tussenberekening_1 + ONB_missie_tussenberekening_2,""),"") | DU16: =IF(OR(CO_rep<>"",CO_verv<>""),IF(lambda_functie<>"",IF(Uitvoeren_missie="N",1-(1-EXP(-lambda_functie*Missieduur))/(lambda_functie*Missieduur),IF(CO_verv<>"", (1-P_op_boord)*IF(doorlooptijd_missie_met<>0,lambda_functie/(lambda_functie+(1/doorlooptijd_missie_met))-lambda_functie/((lambda_functie+(1/doorlooptijd_missie_met))^2*Missieduur)*(1-EXP(-(lambda_functie+(1/doorlooptijd_missie_met))*Missieduur)),0)+P_op_boord*((1-P_op_vloot)*IF(doorlooptijd_invlieg<>0,lambda_functie/(lambda_functie+(1 /doorlooptijd_invlieg))-lambda_functie/((lambda_functie+(1/doorlooptijd_invlieg))^2*Missieduur)*(1-EXP(-(lambda_functie+(1/doorlooptijd_invlieg))*Missieduur)),0)+P_op_vloot*IF(doorlooptijd_missie_zonder<>0,lambda_functie/(lambda_functie+(1/doorlooptijd_missie_zonder))-lambda_functie/((lambda_functie+(1/doorlooptijd_missie_zonder))^2*Missieduur)*(1-EXP(-(lambda_functie+(1/doorlooptijd_missie_zonder))*Missieduur)),0)),0)),0),"") | DV16: =IF(OR(CO_rep<>"",CO_verv<>""),IF(lambda_functie<>"",IF(CO_rep<>"", IF(doorlooptijd_missie_rep<>0,lambda_functie/(lambda_functie+(1/doorlooptijd_missie_rep))-lambda_functie/((lambda_functie+(1/doorlooptijd_missie_rep))^2*Missieduur)*(1-EXP(-(lambda_functie+(1/doorlooptijd_missie_rep))*Missieduur)),0),0)),"") | DW16: =IF(ONB_missie="","",IF(tot_ONB_missie<>0,ONB_missie/tot_ONB_missie,0)) | DX16: =DT16 | DZ16: =IF(OR(CO_rep<>"",CO_verv<>""),IF(uitvoeren_GO="J",ONB_tussenberekening_1,IF(CO_rep<>"",ONB_tussenberekening_2,ONB_tussenberekening_3+ONB_tussenberekening_4+ONB_tussenberekening_5)),"") | EA16: =IF(OR(CO_rep<>"",CO_verv<>""),IF(AND(OR(lambda_functie_kalendertijd<>"",lambda_functie_wal_kalendertijd<>""),uitvoeren_GO="J"), 1-(1-EXP(-(lambda_functie_kalendertijd+lambda_functie_wal_kalendertijd)*interval_groot_onderhoud)) /((lambda_functie_kalendertijd+lambda_functie_wal_kalendertijd)*interval_groot_onderhoud),0),"") | EB16: =IF(OR(CO_rep<>"",CO_verv<>""),IF(AND(CO_rep <>"",OR(doorlooptijd_missie_rep>=walduur,doorlooptijd_wal_rep >= walduur)),IF(doorlooptijd_missie_rep >= walduur,lambda_functie_kalendertijd / (lambda_functie_kalendertijd + 1/doorlooptijd_missie_rep),0) + IF(doorlooptijd_wal_rep >= walduur,lambda_functie_wal_kalendertijd / (lambda_functie_wal_kalendertijd + 1/doorlooptijd_wal_rep),0),IF(CO_rep <> "",(1 -EXP(-(lambda_functie_wal_kalendertijd + 1 / doorlooptijd_wal_rep)*walduur)) * lambda_functie_wal_kalendertijd / (lambda_functie_wal_kalendertijd + 1/ doorlooptijd_wal_rep),0)),"") | EC16: =IF(OR(CO_rep<>"",CO_verv<>""),IF(CO_verv<>"", P_op_boord* ( P_op_vloot*IF(doorlooptijd_missie_zonder>=walduur, lambda_functie_kalendertijd / (lambda_functie_kalendertijd + 1/doorlooptijd_missie_zonder),0)+ (1- P_op_vloot)*IF(doorlooptijd_invlieg>=walduur, lambda_functie_kalendertijd / (lambda_functie_kalendertijd + 1 /doorlooptijd_invlieg),0) ) + (1- P_op_boord) * IF(doorlooptijd_missie_met>=walduur,lambda_functie_kalendertijd / (lambda_functie_kalendertijd + 1 / doorlooptijd_missie_met),0),0),"") | ED16: =IF(OR(CO_rep<>"",CO_verv<>""),IF(CO_verv <>"", (1-P_op_vloot)*((1 - P_op_wal)*IF(doorlooptijd_van_wal>=walduur,lambda_functie_wal_kalendertijd/(lambda_functie_wal_kalendertijd+ 1/ doorlooptijd_van_wal),0) + P_op_wal*IF(Doorlooptijd_transport>=walduur,lambda_functie_wal_kalendertijd / (lambda_functie_wal_kalendertijd +1/Doorlooptijd_transport),0) )+ P_op_vloot*IF(doorlooptijd_wal_zonder>=walduur, lambda_functie_wal_kalendertijd / (lambda_functie_wal_kalendertijd + 1/ doorlooptijd_wal_zonder),0),0),"") | EE16: =IF(OR(CO_rep<>"",CO_verv<>""),IF(CO_verv <>"", (1-P_op_vloot)* ( (1- P_op_wal)* (IF(AND(doorlooptijd_van_wal<>0,doorlooptijd_van_wal<walduur),(1 -EXP(-(lambda_functie_wal_kalendertijd + 1 / doorlooptijd_van_wal)*walduur)) * lambda_functie_wal_kalendertijd / (lambda_functie_wal_kalendertijd + 1/ doorlooptijd_van_wal),0)) + P_op_wal*(IF(AND(Doorlooptijd_transport<>0,Doorlooptijd_transport<walduur),(1 -EXP(-(lambda_functie_wal_kalendertijd + 1 / Doorlooptijd_transport)*walduur)) * lambda_functie_wal_kalendertijd /(lambda_functie_wal_kalendertijd + 1/ Doorlooptijd_transport),0))) + P_op_vloot*(IF(AND(doorlooptijd_wal_zonder<>0,doorlooptijd_wal_zonder<walduur),(1 -EXP(-(lambda_functie_wal_kalendertijd + 1 / doorlooptijd_wal_zonder)*walduur)) * lambda_functie_wal_kalendertijd / (lambda_functie_wal_kalendertijd + 1/ doorlooptijd_wal_zonder),0)),0),"") | EF16: =IF(ONB_aanvang="","",IF(tot_ONB_aanvang<>0,ONB_aanvang/tot_ONB_aanvang,0)) | EG16: =DZ16 | FF16: =IF(AND(functie_1<>"",lambda<>""),lambda*m_schip,"") | FG16: =IF(functie_1<>"",lambda_functie,"") | FH16: =IF(functie_1<>"",ONB_missie,"") | FI16: =FH16 | FJ16: =IF(functie_1<>"",ONB_aanvang,"") | FK16: =FJ16 | FM16: =IF(AND(functie_2<>"",lambda<>""),lambda*m_schip,"") | FN16: =IF(functie_2<>"",lambda_functie,"") | FO16: =IF(functie_2<>"",ONB_missie,"") | FP16: =FO16 | FQ16: =IF(functie_2<>"",ONB_aanvang,"") | FR16: =FQ16 | FT16: =IF(AND(functie_3<>"",lambda<>""),lambda*m_schip,"") | FU16: =IF(functie_3<>"",lambda_functie,"") | FV16: =IF(functie_3<>"",ONB_missie,"") | FW16: =FV16 | FX16: =IF(functie_3<>"",ONB_aanvang,"") | FY16: =FX16 | GA16: =IF(AND(functie_4<>"",lambda<>""),lambda*m_schip,"") | GB16: =IF(functie_4<>"",lambda_functie,"") | GC16: =IF(functie_4<>"",ONB_missie,"") | GD16: =GC16 | GE16: =IF(functie_4<>"",ONB_aanvang,"") | GF16: =GE16 | GH16: =IF(AND(functie_5<>"",lambda<>""),lambda*m_schip,"") | GI16: =IF(functie_5<>"",lambda_functie,"") | GJ16: =IF(functie_5<>"",ONB_missie,"") | GK16: =GJ16 | GL16: =IF(functie_5<>"",ONB_aanvang,"") | GM16: =GL16 | GO16: =IF(AND(functie_6<>"",lambda<>""),lambda*m_schip,"") | GP16: =IF(functie_6<>"",lambda_functie,"") | GQ16: =IF(functie_6<>"",ONB_missie,"") | GR16: =GQ16 | GS16: =IF(functie_6<>"",ONB_aanvang,"") | GT16: =GS16 | GV16: =IF(AND(functie_7<>"",lambda<>""),lambda*m_schip,"") | GW16: =IF(functie_7<>"",lambda_functie,"") | GX16: =IF(functie_7<>"",ONB_missie,"") | GY16: =GX16 | GZ16: =IF(functie_7<>"",ONB_aanvang,"") | HA16: =GZ16 | HC16: =IF(AND(functie_8<>"",lambda<>""),lambda*m_schip,"") | HD16: =IF(functie_8<>"",lambda_functie,"") | HE16: =IF(functie_8<>"",ONB_missie,"") | HF16: =HE16 | HG16: =IF(functie_8<>"",ONB_aanvang,"") | HH16: =HG16 | HJ16: =IF(AND(functie_9<>"",lambda<>""),lambda*m_schip,"") | HK16: =IF(functie_9<>"",lambda_functie,"") | HL16: =IF(functie_9<>"",ONB_missie,"") | HM16: =HL16 | HN16: =IF(functie_9<>"",ONB_aanvang,"") | HO16: =HN16 | HQ16: =IF(AND(functie_10<>"",lambda<>""),lambda*m_schip,"") | HR16: =IF(functie_10<>"",lambda_functie,"") | HS16: =IF(functie_10<>"",ONB_missie,"") | HT16: =HS16 | HU16: =IF(functie_10<>"",ONB_aanvang,"") | HV16: =HU16
