Workbook

Sheet Toelichting
B2: Delta tabel elementgroepen (elementGroep)
B3: Overzicht van de elementgroepen en de wijzigingen (oud → nieuw), overgenomen uit de PDF.
B5: Bron | C5: delta-tabel-elementgroep-.pdf (1 pagina)
B7: Legenda
B8: Groen vetgedrukt | C8: Nieuwe waarde / nieuw gekoppeld → status “Nieuw”
B9: Rood doorgehaald | C9: Oude waarde / niet langer gekoppeld → status “Vervallen”
B10: Oranje cursief | C10: Gewijzigd (bijv. hernoemd) → status “Hernoemd”
B11: Zonder opmaak | C11: Ongewijzigd → status “Ongewijzigd”
B12: Gele markering | C12: Cel gemarkeerd in de bron (tabblad “Delta tabel”)
B14: Samenvatting
B15: Aantal elementgroepen | C15: =COUNTA(Elementgroepen!A:A)-1 -> 21
B16: waarvan nieuw | C16: =COUNTIF(Elementgroepen!B:B,"Nieuw") -> 0
B17: waarvan vervallen | C17: =COUNTIF(Elementgroepen!B:B,"Vervallen") -> 0
B18: waarvan hernoemd | C18: =COUNTIF(Elementgroepen!B:B,"Hernoemd") -> 0
B19: waarvan ongewijzigd | C19: =COUNTIF(Elementgroepen!D:D,"Ongewijzigd") -> 21
B21: Tabbladen
B22: Elementgroepen | C22: Eén regel per elementgroep met de status (Excel-tabel, filterbaar).
B23: Delta tabel | C23: Getrouwe weergave van de oorspronkelijke delta tabel (kolommen Oud / Nieuw, met opmaak).
B25: Opmerkingen bij de conversie
B26: • Deze delta tabel bevat alleen de kolom Naam (Oud / Nieuw); er zijn geen andere kenmerken of koppelingen in de bron.
B27: • In de bron is niets gewijzigd: alle 21 elementgroepen staan zonder opmaak in de kolom “Oud” en de kolom “Nieuw” is leeg. Er is daarom geen tabblad met wijzigingen.
B28: • In de elemententabel is de kolom Elementgroep niet gevuld; de koppeling tussen element en elementgroep staat dus niet in die bron.
B29: • Tekst is 1-op-1 overgenomen; eventuele type- of spelfouten uit de bron zijn niet gecorrigeerd.

Sheet Elementgroepen
A1: Elementgroep | B1: Groepstatus | C1: Naam (vorige versie) | D1: Status
A2: Aandrijfsystemen | B2: Bestaand | D2: =IF(B2="Bestaand","Ongewijzigd",B2) -> Ongewijzigd
A3: Bediening en of besturing | B3: Bestaand | D3: =IF(B3="Bestaand","Ongewijzigd",B3) -> Ongewijzigd
A4: Besturingsinstallaties | B4: Bestaand | D4: =IF(B4="Bestaand","Ongewijzigd",B4) -> Ongewijzigd
A5: Brandblussystemen | B5: Bestaand | D5: =IF(B5="Bestaand","Ongewijzigd",B5) -> Ongewijzigd
A6: Communicatiesystemen | B6: Bestaand | D6: =IF(B6="Bestaand","Ongewijzigd",B6) -> Ongewijzigd
A7: Datasystemen | B7: Bestaand | D7: =IF(B7="Bestaand","Ongewijzigd",B7) -> Ongewijzigd
A8: Energievoorzieningen | B8: Bestaand | D8: =IF(B8="Bestaand","Ongewijzigd",B8) -> Ongewijzigd
A9: Gebouwinstallaties | B9: Bestaand | D9: =IF(B9="Bestaand","Ongewijzigd",B9) -> Ongewijzigd
A10: Kabels en leidingen | B10: Bestaand | D10: =IF(B10="Bestaand","Ongewijzigd",B10) -> Ongewijzigd
A11: Klimaatbeheersingen | B11: Bestaand | D11: =IF(B11="Bestaand","Ongewijzigd",B11) -> Ongewijzigd
A12: Meet-/ detectiesystemen | B12: Bestaand | D12: =IF(B12="Bestaand","Ongewijzigd",B12) -> Ongewijzigd
A13: Onderhoudsvoorzieningen | B13: Bestaand | D13: =IF(B13="Bestaand","Ongewijzigd",B13) -> Ongewijzigd
... A22: Waarnemingssystemen | B22: Bestaand | D22: =IF(B22="Bestaand","Ongewijzigd",B22) -> Ongewijzigd

Sheet Delta tabel
A1: Delta tabel (elementGroep)
A2: Naam
A3: Oud | B3: Nieuw
A4: Aandrijfsystemen
A5: Bediening en of besturing
A6: Besturingsinstallaties
A7: Brandblussystemen
A8: Communicatiesystemen
A9: Datasystemen
A10: Energievoorzieningen
A11: Gebouwinstallaties
A12: Kabels en leidingen
A13: Klimaatbeheersingen
A14: Meet-/ detectiesystemen
A15: Onderhoudsvoorzieningen
... A24: Waarnemingssystemen
